-- Delete Scripts
DELETE FROM PRIVILEGE WHERE MODULE_ID = 1;
DELETE FROM PRIVILEGE WHERE MODULE_ID = 2;

DELETE FROM MODULE WHERE ID = 1;
DELETE FROM MODULE WHERE ID = 2;
DELETE FROM MODULE WHERE ID = 3;
DELETE FROM MODULE WHERE ID = 4;
DELETE FROM MODULE WHERE ID = 5;
DELETE FROM MODULE WHERE ID = 6;
DELETE FROM MODULE WHERE ID = 7;
DELETE FROM MODULE WHERE ID = 8;
DELETE FROM MODULE WHERE ID = 9;
DELETE FROM MODULE WHERE ID = 10;
DELETE FROM MODULE WHERE ID = 11;
DELETE FROM MODULE WHERE ID = 12;
DELETE FROM MODULE WHERE ID = 13;
DELETE FROM MODULE WHERE ID = 14;
DELETE FROM MODULE WHERE ID = 15;
DELETE FROM MODULE WHERE ID = 16;
DELETE FROM MODULE WHERE ID = 17;
DELETE FROM MODULE WHERE ID = 18;
DELETE FROM MODULE WHERE ID = 19;
DELETE FROM MODULE WHERE ID = 20;
DELETE FROM MODULE WHERE ID = 21;
DELETE FROM MODULE WHERE ID = 22;
DELETE FROM MODULE WHERE ID = 23;
DELETE FROM MODULE WHERE ID = 24;
DELETE FROM MODULE WHERE ID = 25;
DELETE FROM MODULE WHERE ID = 26;
DELETE FROM MODULE WHERE ID = 27;
DELETE FROM MODULE WHERE ID = 28;
DELETE FROM MODULE WHERE ID = 29;
DELETE FROM MODULE WHERE ID = 30;

DELETE FROM USERROLE WHERE ROLE_NAME = "ROLE_ADMIN";
DELETE FROM USERROLE WHERE ROLE_NAME = "ROLE_USER";
DELETE FROM USERROLE WHERE ROLE_NAME = "ROLE_CUSTOMER";

DELETE FROM ROLE WHERE NAME = "ROLE_ADMIN";
DELETE FROM ROLE WHERE NAME = "ROLE_USER";
DELETE FROM ROLE WHERE NAME = "ROLE_CUSTOMER";

DELETE FROM USER WHERE USERNAME = "admin@wsolution.com";



-- Insert Scripts
INSERT INTO MODULE (ID, PERMISSION_CODE, PERMISSION_DESCRIPTION, STATUS) VALUES (1,"INV", "Navigate to Dashboard", 1);
INSERT INTO MODULE (ID, PERMISSION_CODE, PERMISSION_DESCRIPTION, STATUS) VALUES (2,"INV-CUS", "Navigate to Customer", 1);
INSERT INTO MODULE (ID, PERMISSION_CODE, PERMISSION_DESCRIPTION, STATUS) VALUES (3,"INV-USR", "Navigate to User", 1);
INSERT INTO MODULE (ID, PERMISSION_CODE, PERMISSION_DESCRIPTION, STATUS) VALUES (4,"INV-USR", "Navigate to User", 1);
INSERT INTO MODULE (ID, PERMISSION_CODE, PERMISSION_DESCRIPTION, STATUS) VALUES (5,"INV-USR", "Navigate to User", 1);
INSERT INTO MODULE (ID, PERMISSION_CODE, PERMISSION_DESCRIPTION, STATUS) VALUES (6,"INV-USR", "Navigate to User", 1);
INSERT INTO MODULE (ID, PERMISSION_CODE, PERMISSION_DESCRIPTION, STATUS) VALUES (7,"INV-USR", "Navigate to User", 1);
INSERT INTO MODULE (ID, PERMISSION_CODE, PERMISSION_DESCRIPTION, STATUS) VALUES (8,"INV-USR", "Navigate to User", 1);
INSERT INTO MODULE (ID, PERMISSION_CODE, PERMISSION_DESCRIPTION, STATUS) VALUES (9,"INV-USR", "Navigate to User", 1);
INSERT INTO MODULE (ID, PERMISSION_CODE, PERMISSION_DESCRIPTION, STATUS) VALUES (10,"INV-USR", "Navigate to User", 1);
INSERT INTO MODULE (ID, PERMISSION_CODE, PERMISSION_DESCRIPTION, STATUS) VALUES (11,"INV-USR", "Navigate to User", 1);
INSERT INTO MODULE (ID, PERMISSION_CODE, PERMISSION_DESCRIPTION, STATUS) VALUES (12,"INV-USR", "Navigate to User", 1);
INSERT INTO MODULE (ID, PERMISSION_CODE, PERMISSION_DESCRIPTION, STATUS) VALUES (13,"INV-USR", "Navigate to User", 1);
INSERT INTO MODULE (ID, PERMISSION_CODE, PERMISSION_DESCRIPTION, STATUS) VALUES (14,"INV-USR", "Navigate to User", 1);
INSERT INTO MODULE (ID, PERMISSION_CODE, PERMISSION_DESCRIPTION, STATUS) VALUES (15,"INV-USR", "Navigate to User", 1);
INSERT INTO MODULE (ID, PERMISSION_CODE, PERMISSION_DESCRIPTION, STATUS) VALUES (16,"INV-USR", "Navigate to User", 1);
INSERT INTO MODULE (ID, PERMISSION_CODE, PERMISSION_DESCRIPTION, STATUS) VALUES (17,"INV-USR", "Navigate to User", 1);
INSERT INTO MODULE (ID, PERMISSION_CODE, PERMISSION_DESCRIPTION, STATUS) VALUES (18,"INV-USR", "Navigate to User", 1);
INSERT INTO MODULE (ID, PERMISSION_CODE, PERMISSION_DESCRIPTION, STATUS) VALUES (19,"INV-USR", "Navigate to User", 1);
INSERT INTO MODULE (ID, PERMISSION_CODE, PERMISSION_DESCRIPTION, STATUS) VALUES (20,"INV-USR", "Navigate to User", 1);
INSERT INTO MODULE (ID, PERMISSION_CODE, PERMISSION_DESCRIPTION, STATUS) VALUES (21,"INV-USR", "Navigate to User", 1);
INSERT INTO MODULE (ID, PERMISSION_CODE, PERMISSION_DESCRIPTION, STATUS) VALUES (22,"INV-USR", "Navigate to User", 1);
INSERT INTO MODULE (ID, PERMISSION_CODE, PERMISSION_DESCRIPTION, STATUS) VALUES (23,"INV-USR", "Navigate to User", 1);
INSERT INTO MODULE (ID, PERMISSION_CODE, PERMISSION_DESCRIPTION, STATUS) VALUES (24,"INV-USR", "Navigate to User", 1);
INSERT INTO MODULE (ID, PERMISSION_CODE, PERMISSION_DESCRIPTION, STATUS) VALUES (25,"INV-USR", "Navigate to User", 1);
INSERT INTO MODULE (ID, PERMISSION_CODE, PERMISSION_DESCRIPTION, STATUS) VALUES (26,"INV-USR", "Navigate to User", 1);
INSERT INTO MODULE (ID, PERMISSION_CODE, PERMISSION_DESCRIPTION, STATUS) VALUES (27,"INV-USR", "Navigate to User", 1);
INSERT INTO MODULE (ID, PERMISSION_CODE, PERMISSION_DESCRIPTION, STATUS) VALUES (28,"INV-USR", "Navigate to User", 1);
INSERT INTO MODULE (ID, PERMISSION_CODE, PERMISSION_DESCRIPTION, STATUS) VALUES (29,"INV-USR", "Navigate to User", 1);
INSERT INTO MODULE (ID, PERMISSION_CODE, PERMISSION_DESCRIPTION, STATUS) VALUES (30,"INV-USR", "Navigate to User", 1);

INSERT INTO ROLE (NAME, STATUS) VALUES ("ROLE_ADMIN", 1);
INSERT INTO ROLE (NAME, STATUS) VALUES ("ROLE_USER", 1);
INSERT INTO ROLE (NAME, STATUS) VALUES ("ROLE_CUSTOMER", 1);

INSERT INTO PRIVILEGE (ROLE_NAME, MODULE_ID, STATUS) VALUES ("ROLE_ADMIN",1,1);
INSERT INTO PRIVILEGE (ROLE_NAME, MODULE_ID, STATUS) VALUES ("ROLE_ADMIN",2,1);
INSERT INTO PRIVILEGE (ROLE_NAME, MODULE_ID, STATUS) VALUES ("ROLE_USER",2,1);
INSERT INTO PRIVILEGE (ROLE_NAME, MODULE_ID, STATUS) VALUES ("ROLE_CUSTOMER",1,1);

INSERT INTO USER (USERNAME, PASSWORD, STATUS, FAILEDATTEMPTS, CREATEDBY, CREATEDDATE, MODIFIEDBY, MODIFIEDDATE) VALUES ("admin@wsolution.com", "$2a$10$o1oVQ9vnVTtNwEKRquoRLeKCj8YaEAMRgnGGNxKrXUqe.r1hgnwGy", 1, 0, "SYSTEM", '2020-10-11 17:17:17', "SYSTEM", '2020-10-11 17:17:17');

INSERT INTO USERROLE (USER_USERNAME, ROLE_NAME) VALUES ("admin@wsolution.com", "ROLE_ADMIN");
INSERT INTO USERROLE (USER_USERNAME, ROLE_NAME) VALUES ("admin@wsolution.com", "ROLE_USER");
