-- Delete Scripts
DELETE FROM PRIVILEGE WHERE MODULE_ID = 1;
DELETE FROM PRIVILEGE WHERE MODULE_ID = 2;
DELETE FROM PRIVILEGE WHERE MODULE_ID = 3;
DELETE FROM PRIVILEGE WHERE MODULE_ID = 4;
DELETE FROM PRIVILEGE WHERE MODULE_ID = 5;
DELETE FROM PRIVILEGE WHERE MODULE_ID = 6;
DELETE FROM PRIVILEGE WHERE MODULE_ID = 7;
DELETE FROM PRIVILEGE WHERE MODULE_ID = 8;
DELETE FROM PRIVILEGE WHERE MODULE_ID = 9;
DELETE FROM PRIVILEGE WHERE MODULE_ID = 10;
DELETE FROM PRIVILEGE WHERE MODULE_ID = 11;
DELETE FROM PRIVILEGE WHERE MODULE_ID = 12;
DELETE FROM PRIVILEGE WHERE MODULE_ID = 13;
DELETE FROM PRIVILEGE WHERE MODULE_ID = 14;
DELETE FROM PRIVILEGE WHERE MODULE_ID = 15;
DELETE FROM PRIVILEGE WHERE MODULE_ID = 16;
DELETE FROM PRIVILEGE WHERE MODULE_ID = 17;
DELETE FROM PRIVILEGE WHERE MODULE_ID = 18;
DELETE FROM PRIVILEGE WHERE MODULE_ID = 19;
DELETE FROM PRIVILEGE WHERE MODULE_ID = 20;
DELETE FROM PRIVILEGE WHERE MODULE_ID = 21;
DELETE FROM PRIVILEGE WHERE MODULE_ID = 22;
DELETE FROM PRIVILEGE WHERE MODULE_ID = 23;
DELETE FROM PRIVILEGE WHERE MODULE_ID = 24;
DELETE FROM PRIVILEGE WHERE MODULE_ID = 25;
DELETE FROM PRIVILEGE WHERE MODULE_ID = 26;
DELETE FROM PRIVILEGE WHERE MODULE_ID = 27;
DELETE FROM PRIVILEGE WHERE MODULE_ID = 28;
DELETE FROM PRIVILEGE WHERE MODULE_ID = 29;
DELETE FROM PRIVILEGE WHERE MODULE_ID = 30;
DELETE FROM PRIVILEGE WHERE MODULE_ID = 31;
DELETE FROM PRIVILEGE WHERE MODULE_ID = 32;
DELETE FROM PRIVILEGE WHERE MODULE_ID = 33;
DELETE FROM PRIVILEGE WHERE MODULE_ID = 34;
DELETE FROM PRIVILEGE WHERE MODULE_ID = 35;
DELETE FROM PRIVILEGE WHERE MODULE_ID = 36;
DELETE FROM PRIVILEGE WHERE MODULE_ID = 37;
DELETE FROM PRIVILEGE WHERE MODULE_ID = 38;
DELETE FROM PRIVILEGE WHERE MODULE_ID = 39;
DELETE FROM PRIVILEGE WHERE MODULE_ID = 40;
DELETE FROM PRIVILEGE WHERE MODULE_ID = 41;
DELETE FROM PRIVILEGE WHERE MODULE_ID = 42;
DELETE FROM PRIVILEGE WHERE MODULE_ID = 43;
DELETE FROM PRIVILEGE WHERE MODULE_ID = 44;
DELETE FROM PRIVILEGE WHERE MODULE_ID = 45;
DELETE FROM PRIVILEGE WHERE MODULE_ID = 46;
DELETE FROM PRIVILEGE WHERE MODULE_ID = 47;
DELETE FROM PRIVILEGE WHERE MODULE_ID = 48;
DELETE FROM PRIVILEGE WHERE MODULE_ID = 49;
DELETE FROM PRIVILEGE WHERE MODULE_ID = 50;
DELETE FROM PRIVILEGE WHERE MODULE_ID = 51;
DELETE FROM PRIVILEGE WHERE MODULE_ID = 52;
DELETE FROM PRIVILEGE WHERE MODULE_ID = 53;
DELETE FROM PRIVILEGE WHERE MODULE_ID = 54;
DELETE FROM PRIVILEGE WHERE MODULE_ID = 55;
DELETE FROM PRIVILEGE WHERE MODULE_ID = 56;
DELETE FROM PRIVILEGE WHERE MODULE_ID = 57;
DELETE FROM PRIVILEGE WHERE MODULE_ID = 58;
DELETE FROM PRIVILEGE WHERE MODULE_ID = 59;

DELETE FROM MODULE WHERE ID = 1;
DELETE FROM MODULE WHERE ID = 2;
DELETE FROM MODULE WHERE ID = 3;
DELETE FROM MODULE WHERE ID = 4;
DELETE FROM MODULE WHERE ID = 5;
DELETE FROM MODULE WHERE ID = 6;
DELETE FROM MODULE WHERE ID = 7;
DELETE FROM MODULE WHERE ID = 8;
DELETE FROM MODULE WHERE ID = 9;
DELETE FROM MODULE WHERE ID = 10;
DELETE FROM MODULE WHERE ID = 11;
DELETE FROM MODULE WHERE ID = 12;
DELETE FROM MODULE WHERE ID = 13;
DELETE FROM MODULE WHERE ID = 14;
DELETE FROM MODULE WHERE ID = 15;
DELETE FROM MODULE WHERE ID = 16;
DELETE FROM MODULE WHERE ID = 17;
DELETE FROM MODULE WHERE ID = 18;
DELETE FROM MODULE WHERE ID = 19;
DELETE FROM MODULE WHERE ID = 20;
DELETE FROM MODULE WHERE ID = 21;
DELETE FROM MODULE WHERE ID = 22;
DELETE FROM MODULE WHERE ID = 23;
DELETE FROM MODULE WHERE ID = 24;
DELETE FROM MODULE WHERE ID = 25;
DELETE FROM MODULE WHERE ID = 26;
DELETE FROM MODULE WHERE ID = 27;
DELETE FROM MODULE WHERE ID = 28;
DELETE FROM MODULE WHERE ID = 29;
DELETE FROM MODULE WHERE ID = 30;
DELETE FROM MODULE WHERE ID = 31;
DELETE FROM MODULE WHERE ID = 32;
DELETE FROM MODULE WHERE ID = 33;
DELETE FROM MODULE WHERE ID = 34;
DELETE FROM MODULE WHERE ID = 35;
DELETE FROM MODULE WHERE ID = 36;
DELETE FROM MODULE WHERE ID = 37;
DELETE FROM MODULE WHERE ID = 38;
DELETE FROM MODULE WHERE ID = 39;
DELETE FROM MODULE WHERE ID = 40;
DELETE FROM MODULE WHERE ID = 41;
DELETE FROM MODULE WHERE ID = 42;
DELETE FROM MODULE WHERE ID = 43;
DELETE FROM MODULE WHERE ID = 44;
DELETE FROM MODULE WHERE ID = 45;
DELETE FROM MODULE WHERE ID = 46;
DELETE FROM MODULE WHERE ID = 47;
DELETE FROM MODULE WHERE ID = 48;
DELETE FROM MODULE WHERE ID = 49;
DELETE FROM MODULE WHERE ID = 50;
DELETE FROM MODULE WHERE ID = 51;
DELETE FROM MODULE WHERE ID = 52;
DELETE FROM MODULE WHERE ID = 53;
DELETE FROM MODULE WHERE ID = 54;
DELETE FROM MODULE WHERE ID = 55;
DELETE FROM MODULE WHERE ID = 56;
DELETE FROM MODULE WHERE ID = 57;
DELETE FROM MODULE WHERE ID = 58;
DELETE FROM MODULE WHERE ID = 59;

DELETE FROM USERROLE WHERE ROLE_NAME = "ROLE_ADMIN";
DELETE FROM USERROLE WHERE ROLE_NAME = "ROLE_CUSTOMER";

DELETE FROM ROLE WHERE NAME = "ROLE_ADMIN";
DELETE FROM ROLE WHERE NAME = "ROLE_CUSTOMER";

DELETE FROM TOKEN WHERE USERNAME = "admin@wsolution.com";

DELETE FROM USER WHERE USERNAME = "admin@wsolution.com";

DELETE FROM DELIVERY WHERE CREATEDBY = "admin@wsolution.com";

DELETE FROM CUSTOMERPAYMENT WHERE CREATEDBY = "admin@wsolution.com";

DELETE FROM CHEMICALTEST WHERE CREATEDBY = "admin@wsolution.com";

DELETE FROM SALECUSTOMCOMPOUND WHERE CREATEDBY = "admin@wsolution.com";

DELETE FROM SALEINVENTORY WHERE CREATEDBY = "admin@wsolution.com";

DELETE FROM SALE WHERE CREATEDBY = "admin@wsolution.com";

DELETE FROM CUSTOMCOMPOUND WHERE CREATEDBY = "admin@wsolution.com";

DELETE FROM CUSTOMERORDERITEM WHERE CREATEDBY = "admin@wsolution.com";

DELETE FROM CUSTOMERORDER WHERE CREATEDBY = "admin@wsolution.com";

DELETE FROM CUSTOMER WHERE EMAIL = "admin@wsolution.com";


-- Insert Scripts
INSERT INTO MODULE (ID, PERMISSION_CODE, PERMISSION_DESCRIPTION, STATUS) VALUES (1,"INV", "Navigate to Dashboard", 1);
INSERT INTO MODULE (ID, PERMISSION_CODE, PERMISSION_DESCRIPTION, STATUS) VALUES (2,"INV-CUS", "Navigate to Customer", 1);
INSERT INTO MODULE (ID, PERMISSION_CODE, PERMISSION_DESCRIPTION, STATUS) VALUES (3,"INV-CUS-VW", "View All Customers", 1);
INSERT INTO MODULE (ID, PERMISSION_CODE, PERMISSION_DESCRIPTION, STATUS) VALUES (4,"INV-CUS-CR", "Create Customer", 1);
INSERT INTO MODULE (ID, PERMISSION_CODE, PERMISSION_DESCRIPTION, STATUS) VALUES (5,"INV-SUP", "Navigate to Supplier", 1);
INSERT INTO MODULE (ID, PERMISSION_CODE, PERMISSION_DESCRIPTION, STATUS) VALUES (6,"INV-SUP-VW", "View All Suppliers", 1);
INSERT INTO MODULE (ID, PERMISSION_CODE, PERMISSION_DESCRIPTION, STATUS) VALUES (7,"INV-SUP-CR", "Create Supplier", 1);
INSERT INTO MODULE (ID, PERMISSION_CODE, PERMISSION_DESCRIPTION, STATUS) VALUES (8,"INV-EMP", "Navigate to Employee", 1);
INSERT INTO MODULE (ID, PERMISSION_CODE, PERMISSION_DESCRIPTION, STATUS) VALUES (9,"INV-EMP-VW", "View All Employees", 1);
INSERT INTO MODULE (ID, PERMISSION_CODE, PERMISSION_DESCRIPTION, STATUS) VALUES (10,"INV-EMP-CR", "Create Employee", 1);
INSERT INTO MODULE (ID, PERMISSION_CODE, PERMISSION_DESCRIPTION, STATUS) VALUES (11,"INV-TRS", "Navigate to Transport", 1);
INSERT INTO MODULE (ID, PERMISSION_CODE, PERMISSION_DESCRIPTION, STATUS) VALUES (12,"INV-TRS-VW", "View All Transports", 1);
INSERT INTO MODULE (ID, PERMISSION_CODE, PERMISSION_DESCRIPTION, STATUS) VALUES (13,"INV-TRS-CR", "Create Transport", 1);
INSERT INTO MODULE (ID, PERMISSION_CODE, PERMISSION_DESCRIPTION, STATUS) VALUES (14,"INV-USR", "Navigate to User", 1);
INSERT INTO MODULE (ID, PERMISSION_CODE, PERMISSION_DESCRIPTION, STATUS) VALUES (15,"INV-USR-VW", "View All Users", 1);
INSERT INTO MODULE (ID, PERMISSION_CODE, PERMISSION_DESCRIPTION, STATUS) VALUES (16,"INV-ROL", "Navigate to Role", 1);
INSERT INTO MODULE (ID, PERMISSION_CODE, PERMISSION_DESCRIPTION, STATUS) VALUES (17,"INV-ROL-VW", "View All Roles", 1);
INSERT INTO MODULE (ID, PERMISSION_CODE, PERMISSION_DESCRIPTION, STATUS) VALUES (18,"INV-ROL-CR", "Create Role", 1);
INSERT INTO MODULE (ID, PERMISSION_CODE, PERMISSION_DESCRIPTION, STATUS) VALUES (19,"INV-ITM", "Navigate to Item", 1);
INSERT INTO MODULE (ID, PERMISSION_CODE, PERMISSION_DESCRIPTION, STATUS) VALUES (20,"INV-ITM-VW", "View All Items", 1);
INSERT INTO MODULE (ID, PERMISSION_CODE, PERMISSION_DESCRIPTION, STATUS) VALUES (21,"INV-ITM-CR", "Create Item", 1);
INSERT INTO MODULE (ID, PERMISSION_CODE, PERMISSION_DESCRIPTION, STATUS) VALUES (22,"INV-ITM-DIS", "Dispose Item", 1);
INSERT INTO MODULE (ID, PERMISSION_CODE, PERMISSION_DESCRIPTION, STATUS) VALUES (23,"INV-INV", "Navigate to Inventory", 1);
INSERT INTO MODULE (ID, PERMISSION_CODE, PERMISSION_DESCRIPTION, STATUS) VALUES (24,"INV-INV-VW", "View Inventory", 1);
INSERT INTO MODULE (ID, PERMISSION_CODE, PERMISSION_DESCRIPTION, STATUS) VALUES (25,"INV-INV-IN-VW", "View Product Inbound Inventory", 1);
INSERT INTO MODULE (ID, PERMISSION_CODE, PERMISSION_DESCRIPTION, STATUS) VALUES (26,"INV-INV-OUT-VW", "View Product Outbound Inventory", 1);
INSERT INTO MODULE (ID, PERMISSION_CODE, PERMISSION_DESCRIPTION, STATUS) VALUES (27,"INV-INV-DIS-VW", "View Disposal Products", 1);
INSERT INTO MODULE (ID, PERMISSION_CODE, PERMISSION_DESCRIPTION, STATUS) VALUES (28,"INV-SLE", "Navigate to Sales", 1);
INSERT INTO MODULE (ID, PERMISSION_CODE, PERMISSION_DESCRIPTION, STATUS) VALUES (29,"INV-SLE-VW", "View All Sales", 1);
INSERT INTO MODULE (ID, PERMISSION_CODE, PERMISSION_DESCRIPTION, STATUS) VALUES (30,"INV-ORD", "Navigate to Order", 1);
INSERT INTO MODULE (ID, PERMISSION_CODE, PERMISSION_DESCRIPTION, STATUS) VALUES (31,"INV-ORD-VW", "View All Orders", 1);
INSERT INTO MODULE (ID, PERMISSION_CODE, PERMISSION_DESCRIPTION, STATUS) VALUES (32,"INV-ORD-CR", "Place Order", 1);
INSERT INTO MODULE (ID, PERMISSION_CODE, PERMISSION_DESCRIPTION, STATUS) VALUES (33,"INV-PO", "Navigate to Purchase Order", 1);
INSERT INTO MODULE (ID, PERMISSION_CODE, PERMISSION_DESCRIPTION, STATUS) VALUES (34,"INV-PO-VW", "View All Purchase Orders", 1);
INSERT INTO MODULE (ID, PERMISSION_CODE, PERMISSION_DESCRIPTION, STATUS) VALUES (35,"INV-PO-CR", "Place Purchase Order", 1);
INSERT INTO MODULE (ID, PERMISSION_CODE, PERMISSION_DESCRIPTION, STATUS) VALUES (36,"INV-GRN", "Navigate to GRN", 1);
INSERT INTO MODULE (ID, PERMISSION_CODE, PERMISSION_DESCRIPTION, STATUS) VALUES (37,"INV-GRN-VW", "View All GRNs", 1);
INSERT INTO MODULE (ID, PERMISSION_CODE, PERMISSION_DESCRIPTION, STATUS) VALUES (38,"INV-GRN-CR", "Create GRN", 1);
INSERT INTO MODULE (ID, PERMISSION_CODE, PERMISSION_DESCRIPTION, STATUS) VALUES (39,"INV-GRN-RET", "Navigate to Supplier Return", 1);
INSERT INTO MODULE (ID, PERMISSION_CODE, PERMISSION_DESCRIPTION, STATUS) VALUES (40,"INV-GRN-RET-VW", "View All Supplier Returns", 1);
INSERT INTO MODULE (ID, PERMISSION_CODE, PERMISSION_DESCRIPTION, STATUS) VALUES (41,"INV-GRN-RET-CR", "Create Supplier Returns", 1);
INSERT INTO MODULE (ID, PERMISSION_CODE, PERMISSION_DESCRIPTION, STATUS) VALUES (42,"INV-GRN-REF", "Navigate to Supplier Refund", 1);
INSERT INTO MODULE (ID, PERMISSION_CODE, PERMISSION_DESCRIPTION, STATUS) VALUES (43,"INV-GRN-REF-VW", "View All Supplier Refunds", 1);
INSERT INTO MODULE (ID, PERMISSION_CODE, PERMISSION_DESCRIPTION, STATUS) VALUES (44,"INV-GRN-REF-CR", "Create Supplier Refund", 1);
INSERT INTO MODULE (ID, PERMISSION_CODE, PERMISSION_DESCRIPTION, STATUS) VALUES (45,"INV-PAY", "Navigate to Payment", 1);
INSERT INTO MODULE (ID, PERMISSION_CODE, PERMISSION_DESCRIPTION, STATUS) VALUES (46,"INV-PAY-CUS-VW", "View All Customer Pyaments", 1);
INSERT INTO MODULE (ID, PERMISSION_CODE, PERMISSION_DESCRIPTION, STATUS) VALUES (47,"INV-PAY-SUP-VW", "View All Supplier Pyaments", 1);
INSERT INTO MODULE (ID, PERMISSION_CODE, PERMISSION_DESCRIPTION, STATUS) VALUES (48,"INV-PAY-CR", "Do Paymnet", 1);
INSERT INTO MODULE (ID, PERMISSION_CODE, PERMISSION_DESCRIPTION, STATUS) VALUES (49,"INV-TEST", "Navigate to Chemical Test", 1);
INSERT INTO MODULE (ID, PERMISSION_CODE, PERMISSION_DESCRIPTION, STATUS) VALUES (50,"INV-TEST-VW", "View All Chemical Tets", 1);
INSERT INTO MODULE (ID, PERMISSION_CODE, PERMISSION_DESCRIPTION, STATUS) VALUES (51,"INV-TEST-CR", "Create Chemical Test", 1);
INSERT INTO MODULE (ID, PERMISSION_CODE, PERMISSION_DESCRIPTION, STATUS) VALUES (52,"INV-NTFY", "Navigate to Notifications", 1);
INSERT INTO MODULE (ID, PERMISSION_CODE, PERMISSION_DESCRIPTION, STATUS) VALUES (53,"INV-NTFY-VW", "View All Notifications", 1);
INSERT INTO MODULE (ID, PERMISSION_CODE, PERMISSION_DESCRIPTION, STATUS) VALUES (54,"INV-COM", "Navigate to Complains", 1);
INSERT INTO MODULE (ID, PERMISSION_CODE, PERMISSION_DESCRIPTION, STATUS) VALUES (55,"INV-COM-VW", "View All Complains", 1);
INSERT INTO MODULE (ID, PERMISSION_CODE, PERMISSION_DESCRIPTION, STATUS) VALUES (56,"INV-COM-CR", "Create Complain", 1);
INSERT INTO MODULE (ID, PERMISSION_CODE, PERMISSION_DESCRIPTION, STATUS) VALUES (57,"INV-RPT", "Navigate to Reports", 1);
INSERT INTO MODULE (ID, PERMISSION_CODE, PERMISSION_DESCRIPTION, STATUS) VALUES (58,"INV-RPT-SLE", "Sales Report", 1);
INSERT INTO MODULE (ID, PERMISSION_CODE, PERMISSION_DESCRIPTION, STATUS) VALUES (59,"INV-ORD-ALL", "Navigate to view all Orders", 1);

INSERT INTO ROLE (NAME, STATUS) VALUES ("ROLE_ADMIN", 1);
INSERT INTO ROLE (NAME, STATUS) VALUES ("ROLE_CUSTOMER", 1);

INSERT INTO PRIVILEGE (ROLE_NAME, MODULE_ID, STATUS) VALUES ("ROLE_ADMIN",1,1);
INSERT INTO PRIVILEGE (ROLE_NAME, MODULE_ID, STATUS) VALUES ("ROLE_ADMIN",2,1);
INSERT INTO PRIVILEGE (ROLE_NAME, MODULE_ID, STATUS) VALUES ("ROLE_ADMIN",3,1);
INSERT INTO PRIVILEGE (ROLE_NAME, MODULE_ID, STATUS) VALUES ("ROLE_ADMIN",4,1);
INSERT INTO PRIVILEGE (ROLE_NAME, MODULE_ID, STATUS) VALUES ("ROLE_ADMIN",5,1);
INSERT INTO PRIVILEGE (ROLE_NAME, MODULE_ID, STATUS) VALUES ("ROLE_ADMIN",6,1);
INSERT INTO PRIVILEGE (ROLE_NAME, MODULE_ID, STATUS) VALUES ("ROLE_ADMIN",7,1);
INSERT INTO PRIVILEGE (ROLE_NAME, MODULE_ID, STATUS) VALUES ("ROLE_ADMIN",8,1);
INSERT INTO PRIVILEGE (ROLE_NAME, MODULE_ID, STATUS) VALUES ("ROLE_ADMIN",9,1);
INSERT INTO PRIVILEGE (ROLE_NAME, MODULE_ID, STATUS) VALUES ("ROLE_ADMIN",10,1);
INSERT INTO PRIVILEGE (ROLE_NAME, MODULE_ID, STATUS) VALUES ("ROLE_ADMIN",11,1);
INSERT INTO PRIVILEGE (ROLE_NAME, MODULE_ID, STATUS) VALUES ("ROLE_ADMIN",12,1);
INSERT INTO PRIVILEGE (ROLE_NAME, MODULE_ID, STATUS) VALUES ("ROLE_ADMIN",13,1);
INSERT INTO PRIVILEGE (ROLE_NAME, MODULE_ID, STATUS) VALUES ("ROLE_ADMIN",14,1);
INSERT INTO PRIVILEGE (ROLE_NAME, MODULE_ID, STATUS) VALUES ("ROLE_ADMIN",15,1);
INSERT INTO PRIVILEGE (ROLE_NAME, MODULE_ID, STATUS) VALUES ("ROLE_ADMIN",16,1);
INSERT INTO PRIVILEGE (ROLE_NAME, MODULE_ID, STATUS) VALUES ("ROLE_ADMIN",17,1);
INSERT INTO PRIVILEGE (ROLE_NAME, MODULE_ID, STATUS) VALUES ("ROLE_ADMIN",18,1);
INSERT INTO PRIVILEGE (ROLE_NAME, MODULE_ID, STATUS) VALUES ("ROLE_ADMIN",19,1);
INSERT INTO PRIVILEGE (ROLE_NAME, MODULE_ID, STATUS) VALUES ("ROLE_ADMIN",20,1);
INSERT INTO PRIVILEGE (ROLE_NAME, MODULE_ID, STATUS) VALUES ("ROLE_ADMIN",21,1);
INSERT INTO PRIVILEGE (ROLE_NAME, MODULE_ID, STATUS) VALUES ("ROLE_ADMIN",22,1);
INSERT INTO PRIVILEGE (ROLE_NAME, MODULE_ID, STATUS) VALUES ("ROLE_ADMIN",23,1);
INSERT INTO PRIVILEGE (ROLE_NAME, MODULE_ID, STATUS) VALUES ("ROLE_ADMIN",24,1);
INSERT INTO PRIVILEGE (ROLE_NAME, MODULE_ID, STATUS) VALUES ("ROLE_ADMIN",25,1);
INSERT INTO PRIVILEGE (ROLE_NAME, MODULE_ID, STATUS) VALUES ("ROLE_ADMIN",26,1);
INSERT INTO PRIVILEGE (ROLE_NAME, MODULE_ID, STATUS) VALUES ("ROLE_ADMIN",27,1);
INSERT INTO PRIVILEGE (ROLE_NAME, MODULE_ID, STATUS) VALUES ("ROLE_ADMIN",28,1);
INSERT INTO PRIVILEGE (ROLE_NAME, MODULE_ID, STATUS) VALUES ("ROLE_ADMIN",29,1);
INSERT INTO PRIVILEGE (ROLE_NAME, MODULE_ID, STATUS) VALUES ("ROLE_ADMIN",30,1);
INSERT INTO PRIVILEGE (ROLE_NAME, MODULE_ID, STATUS) VALUES ("ROLE_ADMIN",31,1);
INSERT INTO PRIVILEGE (ROLE_NAME, MODULE_ID, STATUS) VALUES ("ROLE_ADMIN",32,1);
INSERT INTO PRIVILEGE (ROLE_NAME, MODULE_ID, STATUS) VALUES ("ROLE_ADMIN",33,1);
INSERT INTO PRIVILEGE (ROLE_NAME, MODULE_ID, STATUS) VALUES ("ROLE_ADMIN",34,1);
INSERT INTO PRIVILEGE (ROLE_NAME, MODULE_ID, STATUS) VALUES ("ROLE_ADMIN",35,1);
INSERT INTO PRIVILEGE (ROLE_NAME, MODULE_ID, STATUS) VALUES ("ROLE_ADMIN",36,1);
INSERT INTO PRIVILEGE (ROLE_NAME, MODULE_ID, STATUS) VALUES ("ROLE_ADMIN",37,1);
INSERT INTO PRIVILEGE (ROLE_NAME, MODULE_ID, STATUS) VALUES ("ROLE_ADMIN",38,1);
INSERT INTO PRIVILEGE (ROLE_NAME, MODULE_ID, STATUS) VALUES ("ROLE_ADMIN",39,1);
INSERT INTO PRIVILEGE (ROLE_NAME, MODULE_ID, STATUS) VALUES ("ROLE_ADMIN",40,1);
INSERT INTO PRIVILEGE (ROLE_NAME, MODULE_ID, STATUS) VALUES ("ROLE_ADMIN",41,1);
INSERT INTO PRIVILEGE (ROLE_NAME, MODULE_ID, STATUS) VALUES ("ROLE_ADMIN",42,1);
INSERT INTO PRIVILEGE (ROLE_NAME, MODULE_ID, STATUS) VALUES ("ROLE_ADMIN",43,1);
INSERT INTO PRIVILEGE (ROLE_NAME, MODULE_ID, STATUS) VALUES ("ROLE_ADMIN",44,1);
INSERT INTO PRIVILEGE (ROLE_NAME, MODULE_ID, STATUS) VALUES ("ROLE_ADMIN",45,1);
INSERT INTO PRIVILEGE (ROLE_NAME, MODULE_ID, STATUS) VALUES ("ROLE_ADMIN",46,1);
INSERT INTO PRIVILEGE (ROLE_NAME, MODULE_ID, STATUS) VALUES ("ROLE_ADMIN",47,1);
INSERT INTO PRIVILEGE (ROLE_NAME, MODULE_ID, STATUS) VALUES ("ROLE_ADMIN",48,1);
INSERT INTO PRIVILEGE (ROLE_NAME, MODULE_ID, STATUS) VALUES ("ROLE_ADMIN",49,1);
INSERT INTO PRIVILEGE (ROLE_NAME, MODULE_ID, STATUS) VALUES ("ROLE_ADMIN",50,1);
INSERT INTO PRIVILEGE (ROLE_NAME, MODULE_ID, STATUS) VALUES ("ROLE_ADMIN",51,1);
INSERT INTO PRIVILEGE (ROLE_NAME, MODULE_ID, STATUS) VALUES ("ROLE_ADMIN",52,1);
INSERT INTO PRIVILEGE (ROLE_NAME, MODULE_ID, STATUS) VALUES ("ROLE_ADMIN",53,1);
INSERT INTO PRIVILEGE (ROLE_NAME, MODULE_ID, STATUS) VALUES ("ROLE_ADMIN",54,1);
INSERT INTO PRIVILEGE (ROLE_NAME, MODULE_ID, STATUS) VALUES ("ROLE_ADMIN",55,1);
INSERT INTO PRIVILEGE (ROLE_NAME, MODULE_ID, STATUS) VALUES ("ROLE_ADMIN",56,1);
INSERT INTO PRIVILEGE (ROLE_NAME, MODULE_ID, STATUS) VALUES ("ROLE_ADMIN",57,1);
INSERT INTO PRIVILEGE (ROLE_NAME, MODULE_ID, STATUS) VALUES ("ROLE_ADMIN",58,1);
INSERT INTO PRIVILEGE (ROLE_NAME, MODULE_ID, STATUS) VALUES ("ROLE_ADMIN",59,1);

INSERT INTO PRIVILEGE (ROLE_NAME, MODULE_ID, STATUS) VALUES ("ROLE_CUSTOMER",1,1);
INSERT INTO PRIVILEGE (ROLE_NAME, MODULE_ID, STATUS) VALUES ("ROLE_CUSTOMER",30,1);
INSERT INTO PRIVILEGE (ROLE_NAME, MODULE_ID, STATUS) VALUES ("ROLE_CUSTOMER",31,1);

-- Password is : PassworD1.
INSERT INTO USER (USERNAME, PASSWORD, STATUS, FAILEDATTEMPTS, CREATEDBY, CREATEDDATE, MODIFIEDBY, MODIFIEDDATE) VALUES ("admin@wsolution.com", "$2a$10$hAc6wTcSiPKQzY/gHwwnout7ujUIF4lb6edzCqm4VjsDxPRUKtvv2", 1, 0, "SYSTEM", '2020-10-11 17:17:17', "SYSTEM", '2020-10-11 17:17:17');

INSERT INTO USERROLE (USER_USERNAME, ROLE_NAME) VALUES ("admin@wsolution.com", "ROLE_ADMIN");

INSERT INTO CUSTOMER (ID, ADDRESS, CONTACT1, DESCRIPTION, EMAIL, NAME, TYPE, STATUS) VALUES (1, "Head office", "0112400400", "System generated customer", "admin@wsolution.com", "Admin", "Regular", 1);
