-- Insert Scripts
INSERT INTO MODULE (ID, PERMISSION_CODE, PERMISSION_DESCRIPTION, STATUS, CREATEDBY, CREATEDDATE, MODIFIEDBY, MODIFIEDDATE) VALUES (1,"INV", "Navigate to Dashboard", 1, "SYSTEM", '2020-10-11 17:17:17', "SYSTEM", '2020-10-11 17:17:17');
INSERT INTO MODULE (ID, PERMISSION_CODE, PERMISSION_DESCRIPTION, STATUS, CREATEDBY, CREATEDDATE, MODIFIEDBY, MODIFIEDDATE) VALUES (2,"INV-CUS", "Navigate to Customer", 1, "SYSTEM", '2020-10-11 17:17:17', "SYSTEM", '2020-10-11 17:17:17');
INSERT INTO MODULE (ID, PERMISSION_CODE, PERMISSION_DESCRIPTION, STATUS, CREATEDBY, CREATEDDATE, MODIFIEDBY, MODIFIEDDATE) VALUES (3,"INV-CUS-VW", "View All Customers", 1, "SYSTEM", '2020-10-11 17:17:17', "SYSTEM", '2020-10-11 17:17:17');
INSERT INTO MODULE (ID, PERMISSION_CODE, PERMISSION_DESCRIPTION, STATUS, CREATEDBY, CREATEDDATE, MODIFIEDBY, MODIFIEDDATE) VALUES (4,"INV-CUS-CR", "Create Customer", 1, "SYSTEM", '2020-10-11 17:17:17', "SYSTEM", '2020-10-11 17:17:17');
INSERT INTO MODULE (ID, PERMISSION_CODE, PERMISSION_DESCRIPTION, STATUS, CREATEDBY, CREATEDDATE, MODIFIEDBY, MODIFIEDDATE) VALUES (5,"INV-SUP", "Navigate to Supplier", 1, "SYSTEM", '2020-10-11 17:17:17', "SYSTEM", '2020-10-11 17:17:17');
INSERT INTO MODULE (ID, PERMISSION_CODE, PERMISSION_DESCRIPTION, STATUS, CREATEDBY, CREATEDDATE, MODIFIEDBY, MODIFIEDDATE) VALUES (6,"INV-SUP-VW", "View All Suppliers", 1, "SYSTEM", '2020-10-11 17:17:17', "SYSTEM", '2020-10-11 17:17:17');
INSERT INTO MODULE (ID, PERMISSION_CODE, PERMISSION_DESCRIPTION, STATUS, CREATEDBY, CREATEDDATE, MODIFIEDBY, MODIFIEDDATE) VALUES (7,"INV-SUP-CR", "Create Supplier", 1, "SYSTEM", '2020-10-11 17:17:17', "SYSTEM", '2020-10-11 17:17:17');
INSERT INTO MODULE (ID, PERMISSION_CODE, PERMISSION_DESCRIPTION, STATUS, CREATEDBY, CREATEDDATE, MODIFIEDBY, MODIFIEDDATE) VALUES (8,"INV-EMP", "Navigate to Employee", 1, "SYSTEM", '2020-10-11 17:17:17', "SYSTEM", '2020-10-11 17:17:17');
INSERT INTO MODULE (ID, PERMISSION_CODE, PERMISSION_DESCRIPTION, STATUS, CREATEDBY, CREATEDDATE, MODIFIEDBY, MODIFIEDDATE) VALUES (9,"INV-EMP-VW", "View All Employees", 1, "SYSTEM", '2020-10-11 17:17:17', "SYSTEM", '2020-10-11 17:17:17');
INSERT INTO MODULE (ID, PERMISSION_CODE, PERMISSION_DESCRIPTION, STATUS, CREATEDBY, CREATEDDATE, MODIFIEDBY, MODIFIEDDATE) VALUES (10,"INV-EMP-CR", "Create Employee", 1, "SYSTEM", '2020-10-11 17:17:17', "SYSTEM", '2020-10-11 17:17:17');
INSERT INTO MODULE (ID, PERMISSION_CODE, PERMISSION_DESCRIPTION, STATUS, CREATEDBY, CREATEDDATE, MODIFIEDBY, MODIFIEDDATE) VALUES (11,"INV-TRS", "Navigate to Transport", 1, "SYSTEM", '2020-10-11 17:17:17', "SYSTEM", '2020-10-11 17:17:17');
INSERT INTO MODULE (ID, PERMISSION_CODE, PERMISSION_DESCRIPTION, STATUS, CREATEDBY, CREATEDDATE, MODIFIEDBY, MODIFIEDDATE) VALUES (12,"INV-TRS-VW", "View All Transports", 1, "SYSTEM", '2020-10-11 17:17:17', "SYSTEM", '2020-10-11 17:17:17');
INSERT INTO MODULE (ID, PERMISSION_CODE, PERMISSION_DESCRIPTION, STATUS, CREATEDBY, CREATEDDATE, MODIFIEDBY, MODIFIEDDATE) VALUES (13,"INV-TRS-CR", "Create Transport", 1, "SYSTEM", '2020-10-11 17:17:17', "SYSTEM", '2020-10-11 17:17:17');
INSERT INTO MODULE (ID, PERMISSION_CODE, PERMISSION_DESCRIPTION, STATUS, CREATEDBY, CREATEDDATE, MODIFIEDBY, MODIFIEDDATE) VALUES (14,"INV-USR", "Navigate to User", 1, "SYSTEM", '2020-10-11 17:17:17', "SYSTEM", '2020-10-11 17:17:17');
INSERT INTO MODULE (ID, PERMISSION_CODE, PERMISSION_DESCRIPTION, STATUS, CREATEDBY, CREATEDDATE, MODIFIEDBY, MODIFIEDDATE) VALUES (15,"INV-USR-VW", "View All Users", 1, "SYSTEM", '2020-10-11 17:17:17', "SYSTEM", '2020-10-11 17:17:17');
INSERT INTO MODULE (ID, PERMISSION_CODE, PERMISSION_DESCRIPTION, STATUS, CREATEDBY, CREATEDDATE, MODIFIEDBY, MODIFIEDDATE) VALUES (16,"INV-ROL", "Navigate to Role", 1, "SYSTEM", '2020-10-11 17:17:17', "SYSTEM", '2020-10-11 17:17:17');
INSERT INTO MODULE (ID, PERMISSION_CODE, PERMISSION_DESCRIPTION, STATUS, CREATEDBY, CREATEDDATE, MODIFIEDBY, MODIFIEDDATE) VALUES (17,"INV-ROL-VW", "View All Roles", 1, "SYSTEM", '2020-10-11 17:17:17', "SYSTEM", '2020-10-11 17:17:17');
INSERT INTO MODULE (ID, PERMISSION_CODE, PERMISSION_DESCRIPTION, STATUS, CREATEDBY, CREATEDDATE, MODIFIEDBY, MODIFIEDDATE) VALUES (18,"INV-ROL-CR", "Create Role", 1, "SYSTEM", '2020-10-11 17:17:17', "SYSTEM", '2020-10-11 17:17:17');
INSERT INTO MODULE (ID, PERMISSION_CODE, PERMISSION_DESCRIPTION, STATUS, CREATEDBY, CREATEDDATE, MODIFIEDBY, MODIFIEDDATE) VALUES (19,"INV-ITM", "Navigate to Item", 1, "SYSTEM", '2020-10-11 17:17:17', "SYSTEM", '2020-10-11 17:17:17');
INSERT INTO MODULE (ID, PERMISSION_CODE, PERMISSION_DESCRIPTION, STATUS, CREATEDBY, CREATEDDATE, MODIFIEDBY, MODIFIEDDATE) VALUES (20,"INV-ITM-VW", "View All Items", 1, "SYSTEM", '2020-10-11 17:17:17', "SYSTEM", '2020-10-11 17:17:17');
INSERT INTO MODULE (ID, PERMISSION_CODE, PERMISSION_DESCRIPTION, STATUS, CREATEDBY, CREATEDDATE, MODIFIEDBY, MODIFIEDDATE) VALUES (21,"INV-ITM-CR", "Create Item", 1, "SYSTEM", '2020-10-11 17:17:17', "SYSTEM", '2020-10-11 17:17:17');
INSERT INTO MODULE (ID, PERMISSION_CODE, PERMISSION_DESCRIPTION, STATUS, CREATEDBY, CREATEDDATE, MODIFIEDBY, MODIFIEDDATE) VALUES (23,"INV-INV", "Navigate to Inventory", 1, "SYSTEM", '2020-10-11 17:17:17', "SYSTEM", '2020-10-11 17:17:17');
INSERT INTO MODULE (ID, PERMISSION_CODE, PERMISSION_DESCRIPTION, STATUS, CREATEDBY, CREATEDDATE, MODIFIEDBY, MODIFIEDDATE) VALUES (24,"INV-INV-VW", "View Inventory", 1, "SYSTEM", '2020-10-11 17:17:17', "SYSTEM", '2020-10-11 17:17:17');
INSERT INTO MODULE (ID, PERMISSION_CODE, PERMISSION_DESCRIPTION, STATUS, CREATEDBY, CREATEDDATE, MODIFIEDBY, MODIFIEDDATE) VALUES (25,"INV-INV-IN-VW", "View Product Inbound Inventory", 1, "SYSTEM", '2020-10-11 17:17:17', "SYSTEM", '2020-10-11 17:17:17');
INSERT INTO MODULE (ID, PERMISSION_CODE, PERMISSION_DESCRIPTION, STATUS, CREATEDBY, CREATEDDATE, MODIFIEDBY, MODIFIEDDATE) VALUES (26,"INV-INV-OUT-VW", "View Product Outbound Inventory", 1, "SYSTEM", '2020-10-11 17:17:17', "SYSTEM", '2020-10-11 17:17:17');
INSERT INTO MODULE (ID, PERMISSION_CODE, PERMISSION_DESCRIPTION, STATUS, CREATEDBY, CREATEDDATE, MODIFIEDBY, MODIFIEDDATE) VALUES (27,"INV-INV-DIS-VW", "View Disposal Products", 1, "SYSTEM", '2020-10-11 17:17:17', "SYSTEM", '2020-10-11 17:17:17');
INSERT INTO MODULE (ID, PERMISSION_CODE, PERMISSION_DESCRIPTION, STATUS, CREATEDBY, CREATEDDATE, MODIFIEDBY, MODIFIEDDATE) VALUES (28,"INV-SLE", "Navigate to Sales", 1, "SYSTEM", '2020-10-11 17:17:17', "SYSTEM", '2020-10-11 17:17:17');
INSERT INTO MODULE (ID, PERMISSION_CODE, PERMISSION_DESCRIPTION, STATUS, CREATEDBY, CREATEDDATE, MODIFIEDBY, MODIFIEDDATE) VALUES (29,"INV-SLE-VW", "View All Sales", 1, "SYSTEM", '2020-10-11 17:17:17', "SYSTEM", '2020-10-11 17:17:17');
INSERT INTO MODULE (ID, PERMISSION_CODE, PERMISSION_DESCRIPTION, STATUS, CREATEDBY, CREATEDDATE, MODIFIEDBY, MODIFIEDDATE) VALUES (30,"INV-ORD", "Navigate to Order", 1, "SYSTEM", '2020-10-11 17:17:17', "SYSTEM", '2020-10-11 17:17:17');
INSERT INTO MODULE (ID, PERMISSION_CODE, PERMISSION_DESCRIPTION, STATUS, CREATEDBY, CREATEDDATE, MODIFIEDBY, MODIFIEDDATE) VALUES (31,"INV-ORD-VW", "View All Orders", 1, "SYSTEM", '2020-10-11 17:17:17', "SYSTEM", '2020-10-11 17:17:17');
INSERT INTO MODULE (ID, PERMISSION_CODE, PERMISSION_DESCRIPTION, STATUS, CREATEDBY, CREATEDDATE, MODIFIEDBY, MODIFIEDDATE) VALUES (32,"INV-ORD-CR", "Place Order", 1, "SYSTEM", '2020-10-11 17:17:17', "SYSTEM", '2020-10-11 17:17:17');
INSERT INTO MODULE (ID, PERMISSION_CODE, PERMISSION_DESCRIPTION, STATUS, CREATEDBY, CREATEDDATE, MODIFIEDBY, MODIFIEDDATE) VALUES (33,"INV-PO", "Navigate to Purchase Order", 1, "SYSTEM", '2020-10-11 17:17:17', "SYSTEM", '2020-10-11 17:17:17');
INSERT INTO MODULE (ID, PERMISSION_CODE, PERMISSION_DESCRIPTION, STATUS, CREATEDBY, CREATEDDATE, MODIFIEDBY, MODIFIEDDATE) VALUES (34,"INV-PO-VW", "View Purchase Orders", 1, "SYSTEM", '2020-10-11 17:17:17', "SYSTEM", '2020-10-11 17:17:17');
INSERT INTO MODULE (ID, PERMISSION_CODE, PERMISSION_DESCRIPTION, STATUS, CREATEDBY, CREATEDDATE, MODIFIEDBY, MODIFIEDDATE) VALUES (35,"INV-PO-CR", "Place Purchase Order", 1, "SYSTEM", '2020-10-11 17:17:17', "SYSTEM", '2020-10-11 17:17:17');
INSERT INTO MODULE (ID, PERMISSION_CODE, PERMISSION_DESCRIPTION, STATUS, CREATEDBY, CREATEDDATE, MODIFIEDBY, MODIFIEDDATE) VALUES (36,"INV-GRN", "Navigate to GRN", 1, "SYSTEM", '2020-10-11 17:17:17', "SYSTEM", '2020-10-11 17:17:17');
INSERT INTO MODULE (ID, PERMISSION_CODE, PERMISSION_DESCRIPTION, STATUS, CREATEDBY, CREATEDDATE, MODIFIEDBY, MODIFIEDDATE) VALUES (37,"INV-GRN-VW", "View All GRNs", 1, "SYSTEM", '2020-10-11 17:17:17', "SYSTEM", '2020-10-11 17:17:17');
INSERT INTO MODULE (ID, PERMISSION_CODE, PERMISSION_DESCRIPTION, STATUS, CREATEDBY, CREATEDDATE, MODIFIEDBY, MODIFIEDDATE) VALUES (38,"INV-GRN-CR", "Create GRN", 1, "SYSTEM", '2020-10-11 17:17:17', "SYSTEM", '2020-10-11 17:17:17');
INSERT INTO MODULE (ID, PERMISSION_CODE, PERMISSION_DESCRIPTION, STATUS, CREATEDBY, CREATEDDATE, MODIFIEDBY, MODIFIEDDATE) VALUES (39,"INV-GRN-RET", "Navigate to Supplier Return", 1, "SYSTEM", '2020-10-11 17:17:17', "SYSTEM", '2020-10-11 17:17:17');
INSERT INTO MODULE (ID, PERMISSION_CODE, PERMISSION_DESCRIPTION, STATUS, CREATEDBY, CREATEDDATE, MODIFIEDBY, MODIFIEDDATE) VALUES (40,"INV-GRN-RET-VW", "View All Supplier Returns", 1, "SYSTEM", '2020-10-11 17:17:17', "SYSTEM", '2020-10-11 17:17:17');
INSERT INTO MODULE (ID, PERMISSION_CODE, PERMISSION_DESCRIPTION, STATUS, CREATEDBY, CREATEDDATE, MODIFIEDBY, MODIFIEDDATE) VALUES (41,"INV-GRN-RET-CR", "Create Supplier Returns", 1, "SYSTEM", '2020-10-11 17:17:17', "SYSTEM", '2020-10-11 17:17:17');
INSERT INTO MODULE (ID, PERMISSION_CODE, PERMISSION_DESCRIPTION, STATUS, CREATEDBY, CREATEDDATE, MODIFIEDBY, MODIFIEDDATE) VALUES (42,"INV-GRN-REF", "Navigate to Supplier Refund", 1, "SYSTEM", '2020-10-11 17:17:17', "SYSTEM", '2020-10-11 17:17:17');
INSERT INTO MODULE (ID, PERMISSION_CODE, PERMISSION_DESCRIPTION, STATUS, CREATEDBY, CREATEDDATE, MODIFIEDBY, MODIFIEDDATE) VALUES (43,"INV-GRN-REF-VW", "View All Supplier Refunds", 1, "SYSTEM", '2020-10-11 17:17:17', "SYSTEM", '2020-10-11 17:17:17');
INSERT INTO MODULE (ID, PERMISSION_CODE, PERMISSION_DESCRIPTION, STATUS, CREATEDBY, CREATEDDATE, MODIFIEDBY, MODIFIEDDATE) VALUES (44,"INV-GRN-REF-CR", "Create Supplier Refund", 1, "SYSTEM", '2020-10-11 17:17:17', "SYSTEM", '2020-10-11 17:17:17');
INSERT INTO MODULE (ID, PERMISSION_CODE, PERMISSION_DESCRIPTION, STATUS, CREATEDBY, CREATEDDATE, MODIFIEDBY, MODIFIEDDATE) VALUES (45,"INV-PAY", "Navigate to Payment", 1, "SYSTEM", '2020-10-11 17:17:17', "SYSTEM", '2020-10-11 17:17:17');
INSERT INTO MODULE (ID, PERMISSION_CODE, PERMISSION_DESCRIPTION, STATUS, CREATEDBY, CREATEDDATE, MODIFIEDBY, MODIFIEDDATE) VALUES (46,"INV-PAY-CUS-VW", "View All Customer Pyaments", 1, "SYSTEM", '2020-10-11 17:17:17', "SYSTEM", '2020-10-11 17:17:17');
INSERT INTO MODULE (ID, PERMISSION_CODE, PERMISSION_DESCRIPTION, STATUS, CREATEDBY, CREATEDDATE, MODIFIEDBY, MODIFIEDDATE) VALUES (47,"INV-PAY-SUP-VW", "View All Supplier Pyaments", 1, "SYSTEM", '2020-10-11 17:17:17', "SYSTEM", '2020-10-11 17:17:17');
INSERT INTO MODULE (ID, PERMISSION_CODE, PERMISSION_DESCRIPTION, STATUS, CREATEDBY, CREATEDDATE, MODIFIEDBY, MODIFIEDDATE) VALUES (48,"INV-PAY-CR", "Do Paymnet", 1, "SYSTEM", '2020-10-11 17:17:17', "SYSTEM", '2020-10-11 17:17:17');
INSERT INTO MODULE (ID, PERMISSION_CODE, PERMISSION_DESCRIPTION, STATUS, CREATEDBY, CREATEDDATE, MODIFIEDBY, MODIFIEDDATE) VALUES (49,"INV-TEST", "Navigate to Chemical Test", 1, "SYSTEM", '2020-10-11 17:17:17', "SYSTEM", '2020-10-11 17:17:17');
INSERT INTO MODULE (ID, PERMISSION_CODE, PERMISSION_DESCRIPTION, STATUS, CREATEDBY, CREATEDDATE, MODIFIEDBY, MODIFIEDDATE) VALUES (50,"INV-TEST-VW", "View All Chemical Tets", 1, "SYSTEM", '2020-10-11 17:17:17', "SYSTEM", '2020-10-11 17:17:17');
INSERT INTO MODULE (ID, PERMISSION_CODE, PERMISSION_DESCRIPTION, STATUS, CREATEDBY, CREATEDDATE, MODIFIEDBY, MODIFIEDDATE) VALUES (51,"INV-TEST-CR", "Create Chemical Test", 1, "SYSTEM", '2020-10-11 17:17:17', "SYSTEM", '2020-10-11 17:17:17');
INSERT INTO MODULE (ID, PERMISSION_CODE, PERMISSION_DESCRIPTION, STATUS, CREATEDBY, CREATEDDATE, MODIFIEDBY, MODIFIEDDATE) VALUES (52,"INV-NTFY", "Navigate to Notifications", 1, "SYSTEM", '2020-10-11 17:17:17', "SYSTEM", '2020-10-11 17:17:17');
INSERT INTO MODULE (ID, PERMISSION_CODE, PERMISSION_DESCRIPTION, STATUS, CREATEDBY, CREATEDDATE, MODIFIEDBY, MODIFIEDDATE) VALUES (53,"INV-NTFY-VW", "View All Notifications", 1, "SYSTEM", '2020-10-11 17:17:17', "SYSTEM", '2020-10-11 17:17:17');
INSERT INTO MODULE (ID, PERMISSION_CODE, PERMISSION_DESCRIPTION, STATUS, CREATEDBY, CREATEDDATE, MODIFIEDBY, MODIFIEDDATE) VALUES (54,"INV-COM", "Navigate to Complains", 1, "SYSTEM", '2020-10-11 17:17:17', "SYSTEM", '2020-10-11 17:17:17');
INSERT INTO MODULE (ID, PERMISSION_CODE, PERMISSION_DESCRIPTION, STATUS, CREATEDBY, CREATEDDATE, MODIFIEDBY, MODIFIEDDATE) VALUES (55,"INV-COM-VW", "View All Complains", 1, "SYSTEM", '2020-10-11 17:17:17', "SYSTEM", '2020-10-11 17:17:17');
INSERT INTO MODULE (ID, PERMISSION_CODE, PERMISSION_DESCRIPTION, STATUS, CREATEDBY, CREATEDDATE, MODIFIEDBY, MODIFIEDDATE) VALUES (56,"INV-COM-CR", "Create Complain", 1, "SYSTEM", '2020-10-11 17:17:17', "SYSTEM", '2020-10-11 17:17:17');
INSERT INTO MODULE (ID, PERMISSION_CODE, PERMISSION_DESCRIPTION, STATUS, CREATEDBY, CREATEDDATE, MODIFIEDBY, MODIFIEDDATE) VALUES (57,"INV-RPT", "Navigate to Reports", 1, "SYSTEM", '2020-10-11 17:17:17', "SYSTEM", '2020-10-11 17:17:17');
INSERT INTO MODULE (ID, PERMISSION_CODE, PERMISSION_DESCRIPTION, STATUS, CREATEDBY, CREATEDDATE, MODIFIEDBY, MODIFIEDDATE) VALUES (58,"INV-RPT-SLE", "Sales Report", 1, "SYSTEM", '2020-10-11 17:17:17', "SYSTEM", '2020-10-11 17:17:17');
INSERT INTO MODULE (ID, PERMISSION_CODE, PERMISSION_DESCRIPTION, STATUS, CREATEDBY, CREATEDDATE, MODIFIEDBY, MODIFIEDDATE) VALUES (59,"INV-ORD-ALL", "Navigate to view all/any Orders", 1, "SYSTEM", '2020-10-11 17:17:17', "SYSTEM", '2020-10-11 17:17:17');
INSERT INTO MODULE (ID, PERMISSION_CODE, PERMISSION_DESCRIPTION, STATUS, CREATEDBY, CREATEDDATE, MODIFIEDBY, MODIFIEDDATE) VALUES (60,"INV-DEL", "Navigate to Deliveries", 1, "SYSTEM", '2020-10-11 17:17:17', "SYSTEM", '2020-10-11 17:17:17');
INSERT INTO MODULE (ID, PERMISSION_CODE, PERMISSION_DESCRIPTION, STATUS, CREATEDBY, CREATEDDATE, MODIFIEDBY, MODIFIEDDATE) VALUES (61,"INV-DEL-VW", "View delivery", 1, "SYSTEM", '2020-10-11 17:17:17', "SYSTEM", '2020-10-11 17:17:17');
INSERT INTO MODULE (ID, PERMISSION_CODE, PERMISSION_DESCRIPTION, STATUS, CREATEDBY, CREATEDDATE, MODIFIEDBY, MODIFIEDDATE) VALUES (62,"INV-INV-DIS-CR", "Create Disposal Product", 1, "SYSTEM", '2020-10-11 17:17:17', "SYSTEM", '2020-10-11 17:17:17');
INSERT INTO MODULE (ID, PERMISSION_CODE, PERMISSION_DESCRIPTION, STATUS, CREATEDBY, CREATEDDATE, MODIFIEDBY, MODIFIEDDATE) VALUES (63,"INV-PO-ALL", "Navigate to view all/any Purchase Orders", 1, "SYSTEM", '2020-10-11 17:17:17', "SYSTEM", '2020-10-11 17:17:17');

INSERT INTO ROLE (NAME, STATUS, CREATEDBY, CREATEDDATE, MODIFIEDBY, MODIFIEDDATE) VALUES ("ROLE_ADMIN", 1, "SYSTEM", '2020-10-11 17:17:17', "SYSTEM", '2020-10-11 17:17:17');
INSERT INTO ROLE (NAME, STATUS, CREATEDBY, CREATEDDATE, MODIFIEDBY, MODIFIEDDATE) VALUES ("ROLE_CUSTOMER", 1, "SYSTEM", '2020-10-11 17:17:17', "SYSTEM", '2020-10-11 17:17:17');
INSERT INTO ROLE (NAME, STATUS, CREATEDBY, CREATEDDATE, MODIFIEDBY, MODIFIEDDATE) VALUES ("ROLE_STOCK_MANAGER", 1, "SYSTEM", '2020-10-11 17:17:17', "SYSTEM", '2020-10-11 17:17:17');
INSERT INTO ROLE (NAME, STATUS, CREATEDBY, CREATEDDATE, MODIFIEDBY, MODIFIEDDATE) VALUES ("ROLE_USER_MANAGER", 1, "SYSTEM", '2020-10-11 17:17:17', "SYSTEM", '2020-10-11 17:17:17');
INSERT INTO ROLE (NAME, STATUS, CREATEDBY, CREATEDDATE, MODIFIEDBY, MODIFIEDDATE) VALUES ("ROLE_SUPPLIER", 1, "admin@wsolution.com", '2021-04-10 15:03:20', "admin@wsolution.com", '2021-04-10 15:03:20');

INSERT INTO PRIVILEGE (ROLE_NAME, MODULE_ID, STATUS, CREATEDBY, CREATEDDATE, MODIFIEDBY, MODIFIEDDATE) VALUES ("ROLE_ADMIN",1, 1, "SYSTEM", '2020-10-11 17:17:17', "SYSTEM", '2020-10-11 17:17:17');
INSERT INTO PRIVILEGE (ROLE_NAME, MODULE_ID, STATUS, CREATEDBY, CREATEDDATE, MODIFIEDBY, MODIFIEDDATE) VALUES ("ROLE_ADMIN",2, 1, "SYSTEM", '2020-10-11 17:17:17', "SYSTEM", '2020-10-11 17:17:17');
INSERT INTO PRIVILEGE (ROLE_NAME, MODULE_ID, STATUS, CREATEDBY, CREATEDDATE, MODIFIEDBY, MODIFIEDDATE) VALUES ("ROLE_ADMIN",3, 1, "SYSTEM", '2020-10-11 17:17:17', "SYSTEM", '2020-10-11 17:17:17');
INSERT INTO PRIVILEGE (ROLE_NAME, MODULE_ID, STATUS, CREATEDBY, CREATEDDATE, MODIFIEDBY, MODIFIEDDATE) VALUES ("ROLE_ADMIN",4, 1, "SYSTEM", '2020-10-11 17:17:17', "SYSTEM", '2020-10-11 17:17:17');
INSERT INTO PRIVILEGE (ROLE_NAME, MODULE_ID, STATUS, CREATEDBY, CREATEDDATE, MODIFIEDBY, MODIFIEDDATE) VALUES ("ROLE_ADMIN",5, 1, "SYSTEM", '2020-10-11 17:17:17', "SYSTEM", '2020-10-11 17:17:17');
INSERT INTO PRIVILEGE (ROLE_NAME, MODULE_ID, STATUS, CREATEDBY, CREATEDDATE, MODIFIEDBY, MODIFIEDDATE) VALUES ("ROLE_ADMIN",6, 1, "SYSTEM", '2020-10-11 17:17:17', "SYSTEM", '2020-10-11 17:17:17');
INSERT INTO PRIVILEGE (ROLE_NAME, MODULE_ID, STATUS, CREATEDBY, CREATEDDATE, MODIFIEDBY, MODIFIEDDATE) VALUES ("ROLE_ADMIN",7, 1, "SYSTEM", '2020-10-11 17:17:17', "SYSTEM", '2020-10-11 17:17:17');
INSERT INTO PRIVILEGE (ROLE_NAME, MODULE_ID, STATUS, CREATEDBY, CREATEDDATE, MODIFIEDBY, MODIFIEDDATE) VALUES ("ROLE_ADMIN",8, 1, "SYSTEM", '2020-10-11 17:17:17', "SYSTEM", '2020-10-11 17:17:17');
INSERT INTO PRIVILEGE (ROLE_NAME, MODULE_ID, STATUS, CREATEDBY, CREATEDDATE, MODIFIEDBY, MODIFIEDDATE) VALUES ("ROLE_ADMIN",9, 1, "SYSTEM", '2020-10-11 17:17:17', "SYSTEM", '2020-10-11 17:17:17');
INSERT INTO PRIVILEGE (ROLE_NAME, MODULE_ID, STATUS, CREATEDBY, CREATEDDATE, MODIFIEDBY, MODIFIEDDATE) VALUES ("ROLE_ADMIN",10, 1, "SYSTEM", '2020-10-11 17:17:17', "SYSTEM", '2020-10-11 17:17:17');
INSERT INTO PRIVILEGE (ROLE_NAME, MODULE_ID, STATUS, CREATEDBY, CREATEDDATE, MODIFIEDBY, MODIFIEDDATE) VALUES ("ROLE_ADMIN",11, 1, "SYSTEM", '2020-10-11 17:17:17', "SYSTEM", '2020-10-11 17:17:17');
INSERT INTO PRIVILEGE (ROLE_NAME, MODULE_ID, STATUS, CREATEDBY, CREATEDDATE, MODIFIEDBY, MODIFIEDDATE) VALUES ("ROLE_ADMIN",12, 1, "SYSTEM", '2020-10-11 17:17:17', "SYSTEM", '2020-10-11 17:17:17');
INSERT INTO PRIVILEGE (ROLE_NAME, MODULE_ID, STATUS, CREATEDBY, CREATEDDATE, MODIFIEDBY, MODIFIEDDATE) VALUES ("ROLE_ADMIN",13, 1, "SYSTEM", '2020-10-11 17:17:17', "SYSTEM", '2020-10-11 17:17:17');
INSERT INTO PRIVILEGE (ROLE_NAME, MODULE_ID, STATUS, CREATEDBY, CREATEDDATE, MODIFIEDBY, MODIFIEDDATE) VALUES ("ROLE_ADMIN",14, 1, "SYSTEM", '2020-10-11 17:17:17', "SYSTEM", '2020-10-11 17:17:17');
INSERT INTO PRIVILEGE (ROLE_NAME, MODULE_ID, STATUS, CREATEDBY, CREATEDDATE, MODIFIEDBY, MODIFIEDDATE) VALUES ("ROLE_ADMIN",15, 1, "SYSTEM", '2020-10-11 17:17:17', "SYSTEM", '2020-10-11 17:17:17');
INSERT INTO PRIVILEGE (ROLE_NAME, MODULE_ID, STATUS, CREATEDBY, CREATEDDATE, MODIFIEDBY, MODIFIEDDATE) VALUES ("ROLE_ADMIN",16, 1, "SYSTEM", '2020-10-11 17:17:17', "SYSTEM", '2020-10-11 17:17:17');
INSERT INTO PRIVILEGE (ROLE_NAME, MODULE_ID, STATUS, CREATEDBY, CREATEDDATE, MODIFIEDBY, MODIFIEDDATE) VALUES ("ROLE_ADMIN",17, 1, "SYSTEM", '2020-10-11 17:17:17', "SYSTEM", '2020-10-11 17:17:17');
INSERT INTO PRIVILEGE (ROLE_NAME, MODULE_ID, STATUS, CREATEDBY, CREATEDDATE, MODIFIEDBY, MODIFIEDDATE) VALUES ("ROLE_ADMIN",18, 1, "SYSTEM", '2020-10-11 17:17:17', "SYSTEM", '2020-10-11 17:17:17');
INSERT INTO PRIVILEGE (ROLE_NAME, MODULE_ID, STATUS, CREATEDBY, CREATEDDATE, MODIFIEDBY, MODIFIEDDATE) VALUES ("ROLE_ADMIN",19, 1, "SYSTEM", '2020-10-11 17:17:17', "SYSTEM", '2020-10-11 17:17:17');
INSERT INTO PRIVILEGE (ROLE_NAME, MODULE_ID, STATUS, CREATEDBY, CREATEDDATE, MODIFIEDBY, MODIFIEDDATE) VALUES ("ROLE_ADMIN",20, 1, "SYSTEM", '2020-10-11 17:17:17', "SYSTEM", '2020-10-11 17:17:17');
INSERT INTO PRIVILEGE (ROLE_NAME, MODULE_ID, STATUS, CREATEDBY, CREATEDDATE, MODIFIEDBY, MODIFIEDDATE) VALUES ("ROLE_ADMIN",21, 1, "SYSTEM", '2020-10-11 17:17:17', "SYSTEM", '2020-10-11 17:17:17');
INSERT INTO PRIVILEGE (ROLE_NAME, MODULE_ID, STATUS, CREATEDBY, CREATEDDATE, MODIFIEDBY, MODIFIEDDATE) VALUES ("ROLE_ADMIN",23, 1, "SYSTEM", '2020-10-11 17:17:17', "SYSTEM", '2020-10-11 17:17:17');
INSERT INTO PRIVILEGE (ROLE_NAME, MODULE_ID, STATUS, CREATEDBY, CREATEDDATE, MODIFIEDBY, MODIFIEDDATE) VALUES ("ROLE_ADMIN",24, 1, "SYSTEM", '2020-10-11 17:17:17', "SYSTEM", '2020-10-11 17:17:17');
INSERT INTO PRIVILEGE (ROLE_NAME, MODULE_ID, STATUS, CREATEDBY, CREATEDDATE, MODIFIEDBY, MODIFIEDDATE) VALUES ("ROLE_ADMIN",25, 1, "SYSTEM", '2020-10-11 17:17:17', "SYSTEM", '2020-10-11 17:17:17');
INSERT INTO PRIVILEGE (ROLE_NAME, MODULE_ID, STATUS, CREATEDBY, CREATEDDATE, MODIFIEDBY, MODIFIEDDATE) VALUES ("ROLE_ADMIN",26, 1, "SYSTEM", '2020-10-11 17:17:17', "SYSTEM", '2020-10-11 17:17:17');
INSERT INTO PRIVILEGE (ROLE_NAME, MODULE_ID, STATUS, CREATEDBY, CREATEDDATE, MODIFIEDBY, MODIFIEDDATE) VALUES ("ROLE_ADMIN",27, 1, "SYSTEM", '2020-10-11 17:17:17', "SYSTEM", '2020-10-11 17:17:17');
INSERT INTO PRIVILEGE (ROLE_NAME, MODULE_ID, STATUS, CREATEDBY, CREATEDDATE, MODIFIEDBY, MODIFIEDDATE) VALUES ("ROLE_ADMIN",28, 1, "SYSTEM", '2020-10-11 17:17:17', "SYSTEM", '2020-10-11 17:17:17');
INSERT INTO PRIVILEGE (ROLE_NAME, MODULE_ID, STATUS, CREATEDBY, CREATEDDATE, MODIFIEDBY, MODIFIEDDATE) VALUES ("ROLE_ADMIN",29, 1, "SYSTEM", '2020-10-11 17:17:17', "SYSTEM", '2020-10-11 17:17:17');
INSERT INTO PRIVILEGE (ROLE_NAME, MODULE_ID, STATUS, CREATEDBY, CREATEDDATE, MODIFIEDBY, MODIFIEDDATE) VALUES ("ROLE_ADMIN",30, 1, "SYSTEM", '2020-10-11 17:17:17', "SYSTEM", '2020-10-11 17:17:17');
INSERT INTO PRIVILEGE (ROLE_NAME, MODULE_ID, STATUS, CREATEDBY, CREATEDDATE, MODIFIEDBY, MODIFIEDDATE) VALUES ("ROLE_ADMIN",31, 1, "SYSTEM", '2020-10-11 17:17:17', "SYSTEM", '2020-10-11 17:17:17');
INSERT INTO PRIVILEGE (ROLE_NAME, MODULE_ID, STATUS, CREATEDBY, CREATEDDATE, MODIFIEDBY, MODIFIEDDATE) VALUES ("ROLE_ADMIN",32, 1, "SYSTEM", '2020-10-11 17:17:17', "SYSTEM", '2020-10-11 17:17:17');
INSERT INTO PRIVILEGE (ROLE_NAME, MODULE_ID, STATUS, CREATEDBY, CREATEDDATE, MODIFIEDBY, MODIFIEDDATE) VALUES ("ROLE_ADMIN",33, 1, "SYSTEM", '2020-10-11 17:17:17', "SYSTEM", '2020-10-11 17:17:17');
INSERT INTO PRIVILEGE (ROLE_NAME, MODULE_ID, STATUS, CREATEDBY, CREATEDDATE, MODIFIEDBY, MODIFIEDDATE) VALUES ("ROLE_ADMIN",34, 1, "SYSTEM", '2020-10-11 17:17:17', "SYSTEM", '2020-10-11 17:17:17');
INSERT INTO PRIVILEGE (ROLE_NAME, MODULE_ID, STATUS, CREATEDBY, CREATEDDATE, MODIFIEDBY, MODIFIEDDATE) VALUES ("ROLE_ADMIN",35, 1, "SYSTEM", '2020-10-11 17:17:17', "SYSTEM", '2020-10-11 17:17:17');
INSERT INTO PRIVILEGE (ROLE_NAME, MODULE_ID, STATUS, CREATEDBY, CREATEDDATE, MODIFIEDBY, MODIFIEDDATE) VALUES ("ROLE_ADMIN",36, 1, "SYSTEM", '2020-10-11 17:17:17', "SYSTEM", '2020-10-11 17:17:17');
INSERT INTO PRIVILEGE (ROLE_NAME, MODULE_ID, STATUS, CREATEDBY, CREATEDDATE, MODIFIEDBY, MODIFIEDDATE) VALUES ("ROLE_ADMIN",37, 1, "SYSTEM", '2020-10-11 17:17:17', "SYSTEM", '2020-10-11 17:17:17');
INSERT INTO PRIVILEGE (ROLE_NAME, MODULE_ID, STATUS, CREATEDBY, CREATEDDATE, MODIFIEDBY, MODIFIEDDATE) VALUES ("ROLE_ADMIN",38, 1, "SYSTEM", '2020-10-11 17:17:17', "SYSTEM", '2020-10-11 17:17:17');
INSERT INTO PRIVILEGE (ROLE_NAME, MODULE_ID, STATUS, CREATEDBY, CREATEDDATE, MODIFIEDBY, MODIFIEDDATE) VALUES ("ROLE_ADMIN",39, 1, "SYSTEM", '2020-10-11 17:17:17', "SYSTEM", '2020-10-11 17:17:17');
INSERT INTO PRIVILEGE (ROLE_NAME, MODULE_ID, STATUS, CREATEDBY, CREATEDDATE, MODIFIEDBY, MODIFIEDDATE) VALUES ("ROLE_ADMIN",40, 1, "SYSTEM", '2020-10-11 17:17:17', "SYSTEM", '2020-10-11 17:17:17');
INSERT INTO PRIVILEGE (ROLE_NAME, MODULE_ID, STATUS, CREATEDBY, CREATEDDATE, MODIFIEDBY, MODIFIEDDATE) VALUES ("ROLE_ADMIN",41, 1, "SYSTEM", '2020-10-11 17:17:17', "SYSTEM", '2020-10-11 17:17:17');
INSERT INTO PRIVILEGE (ROLE_NAME, MODULE_ID, STATUS, CREATEDBY, CREATEDDATE, MODIFIEDBY, MODIFIEDDATE) VALUES ("ROLE_ADMIN",42, 1, "SYSTEM", '2020-10-11 17:17:17', "SYSTEM", '2020-10-11 17:17:17');
INSERT INTO PRIVILEGE (ROLE_NAME, MODULE_ID, STATUS, CREATEDBY, CREATEDDATE, MODIFIEDBY, MODIFIEDDATE) VALUES ("ROLE_ADMIN",43, 1, "SYSTEM", '2020-10-11 17:17:17', "SYSTEM", '2020-10-11 17:17:17');
INSERT INTO PRIVILEGE (ROLE_NAME, MODULE_ID, STATUS, CREATEDBY, CREATEDDATE, MODIFIEDBY, MODIFIEDDATE) VALUES ("ROLE_ADMIN",44, 1, "SYSTEM", '2020-10-11 17:17:17', "SYSTEM", '2020-10-11 17:17:17');
INSERT INTO PRIVILEGE (ROLE_NAME, MODULE_ID, STATUS, CREATEDBY, CREATEDDATE, MODIFIEDBY, MODIFIEDDATE) VALUES ("ROLE_ADMIN",45, 1, "SYSTEM", '2020-10-11 17:17:17', "SYSTEM", '2020-10-11 17:17:17');
INSERT INTO PRIVILEGE (ROLE_NAME, MODULE_ID, STATUS, CREATEDBY, CREATEDDATE, MODIFIEDBY, MODIFIEDDATE) VALUES ("ROLE_ADMIN",46, 1, "SYSTEM", '2020-10-11 17:17:17', "SYSTEM", '2020-10-11 17:17:17');
INSERT INTO PRIVILEGE (ROLE_NAME, MODULE_ID, STATUS, CREATEDBY, CREATEDDATE, MODIFIEDBY, MODIFIEDDATE) VALUES ("ROLE_ADMIN",47, 1, "SYSTEM", '2020-10-11 17:17:17', "SYSTEM", '2020-10-11 17:17:17');
INSERT INTO PRIVILEGE (ROLE_NAME, MODULE_ID, STATUS, CREATEDBY, CREATEDDATE, MODIFIEDBY, MODIFIEDDATE) VALUES ("ROLE_ADMIN",48, 1, "SYSTEM", '2020-10-11 17:17:17', "SYSTEM", '2020-10-11 17:17:17');
INSERT INTO PRIVILEGE (ROLE_NAME, MODULE_ID, STATUS, CREATEDBY, CREATEDDATE, MODIFIEDBY, MODIFIEDDATE) VALUES ("ROLE_ADMIN",49, 1, "SYSTEM", '2020-10-11 17:17:17', "SYSTEM", '2020-10-11 17:17:17');
INSERT INTO PRIVILEGE (ROLE_NAME, MODULE_ID, STATUS, CREATEDBY, CREATEDDATE, MODIFIEDBY, MODIFIEDDATE) VALUES ("ROLE_ADMIN",50, 1, "SYSTEM", '2020-10-11 17:17:17', "SYSTEM", '2020-10-11 17:17:17');
INSERT INTO PRIVILEGE (ROLE_NAME, MODULE_ID, STATUS, CREATEDBY, CREATEDDATE, MODIFIEDBY, MODIFIEDDATE) VALUES ("ROLE_ADMIN",51, 1, "SYSTEM", '2020-10-11 17:17:17', "SYSTEM", '2020-10-11 17:17:17');
INSERT INTO PRIVILEGE (ROLE_NAME, MODULE_ID, STATUS, CREATEDBY, CREATEDDATE, MODIFIEDBY, MODIFIEDDATE) VALUES ("ROLE_ADMIN",52, 1, "SYSTEM", '2020-10-11 17:17:17', "SYSTEM", '2020-10-11 17:17:17');
INSERT INTO PRIVILEGE (ROLE_NAME, MODULE_ID, STATUS, CREATEDBY, CREATEDDATE, MODIFIEDBY, MODIFIEDDATE) VALUES ("ROLE_ADMIN",53, 1, "SYSTEM", '2020-10-11 17:17:17', "SYSTEM", '2020-10-11 17:17:17');
INSERT INTO PRIVILEGE (ROLE_NAME, MODULE_ID, STATUS, CREATEDBY, CREATEDDATE, MODIFIEDBY, MODIFIEDDATE) VALUES ("ROLE_ADMIN",54, 1, "SYSTEM", '2020-10-11 17:17:17', "SYSTEM", '2020-10-11 17:17:17');
INSERT INTO PRIVILEGE (ROLE_NAME, MODULE_ID, STATUS, CREATEDBY, CREATEDDATE, MODIFIEDBY, MODIFIEDDATE) VALUES ("ROLE_ADMIN",55, 1, "SYSTEM", '2020-10-11 17:17:17', "SYSTEM", '2020-10-11 17:17:17');
INSERT INTO PRIVILEGE (ROLE_NAME, MODULE_ID, STATUS, CREATEDBY, CREATEDDATE, MODIFIEDBY, MODIFIEDDATE) VALUES ("ROLE_ADMIN",56, 1, "SYSTEM", '2020-10-11 17:17:17', "SYSTEM", '2020-10-11 17:17:17');
INSERT INTO PRIVILEGE (ROLE_NAME, MODULE_ID, STATUS, CREATEDBY, CREATEDDATE, MODIFIEDBY, MODIFIEDDATE) VALUES ("ROLE_ADMIN",57, 1, "SYSTEM", '2020-10-11 17:17:17', "SYSTEM", '2020-10-11 17:17:17');
INSERT INTO PRIVILEGE (ROLE_NAME, MODULE_ID, STATUS, CREATEDBY, CREATEDDATE, MODIFIEDBY, MODIFIEDDATE) VALUES ("ROLE_ADMIN",58, 1, "SYSTEM", '2020-10-11 17:17:17', "SYSTEM", '2020-10-11 17:17:17');
INSERT INTO PRIVILEGE (ROLE_NAME, MODULE_ID, STATUS, CREATEDBY, CREATEDDATE, MODIFIEDBY, MODIFIEDDATE) VALUES ("ROLE_ADMIN",59, 1, "SYSTEM", '2020-10-11 17:17:17', "SYSTEM", '2020-10-11 17:17:17');
INSERT INTO PRIVILEGE (ROLE_NAME, MODULE_ID, STATUS, CREATEDBY, CREATEDDATE, MODIFIEDBY, MODIFIEDDATE) VALUES ("ROLE_ADMIN",60, 1, "SYSTEM", '2020-10-11 17:17:17', "SYSTEM", '2020-10-11 17:17:17');
INSERT INTO PRIVILEGE (ROLE_NAME, MODULE_ID, STATUS, CREATEDBY, CREATEDDATE, MODIFIEDBY, MODIFIEDDATE) VALUES ("ROLE_ADMIN",61, 1, "SYSTEM", '2020-10-11 17:17:17', "SYSTEM", '2020-10-11 17:17:17');
INSERT INTO PRIVILEGE (ROLE_NAME, MODULE_ID, STATUS, CREATEDBY, CREATEDDATE, MODIFIEDBY, MODIFIEDDATE) VALUES ("ROLE_ADMIN",62, 1, "SYSTEM", '2020-10-11 17:17:17', "SYSTEM", '2020-10-11 17:17:17');
INSERT INTO PRIVILEGE (ROLE_NAME, MODULE_ID, STATUS, CREATEDBY, CREATEDDATE, MODIFIEDBY, MODIFIEDDATE) VALUES ("ROLE_ADMIN",63, 1, "SYSTEM", '2020-10-11 17:17:17', "SYSTEM", '2020-10-11 17:17:17');

INSERT INTO PRIVILEGE (ROLE_NAME, MODULE_ID, STATUS, CREATEDBY, CREATEDDATE, MODIFIEDBY, MODIFIEDDATE) VALUES ("ROLE_CUSTOMER",1, 1, "SYSTEM", '2020-10-11 17:17:17', "SYSTEM", '2020-10-11 17:17:17');
INSERT INTO PRIVILEGE (ROLE_NAME, MODULE_ID, STATUS, CREATEDBY, CREATEDDATE, MODIFIEDBY, MODIFIEDDATE) VALUES ("ROLE_CUSTOMER",30, 1, "SYSTEM", '2020-10-11 17:17:17', "SYSTEM", '2020-10-11 17:17:17');
INSERT INTO PRIVILEGE (ROLE_NAME, MODULE_ID, STATUS, CREATEDBY, CREATEDDATE, MODIFIEDBY, MODIFIEDDATE) VALUES ("ROLE_CUSTOMER",31, 1, "SYSTEM", '2020-10-11 17:17:17', "SYSTEM", '2020-10-11 17:17:17');

INSERT INTO PRIVILEGE (ROLE_NAME, MODULE_ID, STATUS, CREATEDBY, CREATEDDATE, MODIFIEDBY, MODIFIEDDATE) VALUES ("ROLE_STOCK_MANAGER",1, 1, "SYSTEM", '2020-10-11 17:17:17', "SYSTEM", '2020-10-11 17:17:17');
INSERT INTO PRIVILEGE (ROLE_NAME, MODULE_ID, STATUS, CREATEDBY, CREATEDDATE, MODIFIEDBY, MODIFIEDDATE) VALUES ("ROLE_STOCK_MANAGER",33, 1, "SYSTEM", '2020-10-11 17:17:17', "SYSTEM", '2020-10-11 17:17:17');
INSERT INTO PRIVILEGE (ROLE_NAME, MODULE_ID, STATUS, CREATEDBY, CREATEDDATE, MODIFIEDBY, MODIFIEDDATE) VALUES ("ROLE_STOCK_MANAGER",34, 1, "SYSTEM", '2020-10-11 17:17:17', "SYSTEM", '2020-10-11 17:17:17');
INSERT INTO PRIVILEGE (ROLE_NAME, MODULE_ID, STATUS, CREATEDBY, CREATEDDATE, MODIFIEDBY, MODIFIEDDATE) VALUES ("ROLE_STOCK_MANAGER",35, 1, "SYSTEM", '2020-10-11 17:17:17', "SYSTEM", '2020-10-11 17:17:17');
INSERT INTO PRIVILEGE (ROLE_NAME, MODULE_ID, STATUS, CREATEDBY, CREATEDDATE, MODIFIEDBY, MODIFIEDDATE) VALUES ("ROLE_STOCK_MANAGER",36, 1, "SYSTEM", '2020-10-11 17:17:17', "SYSTEM", '2020-10-11 17:17:17');
INSERT INTO PRIVILEGE (ROLE_NAME, MODULE_ID, STATUS, CREATEDBY, CREATEDDATE, MODIFIEDBY, MODIFIEDDATE) VALUES ("ROLE_STOCK_MANAGER",37, 1, "SYSTEM", '2020-10-11 17:17:17', "SYSTEM", '2020-10-11 17:17:17');
INSERT INTO PRIVILEGE (ROLE_NAME, MODULE_ID, STATUS, CREATEDBY, CREATEDDATE, MODIFIEDBY, MODIFIEDDATE) VALUES ("ROLE_STOCK_MANAGER",38, 1, "SYSTEM", '2020-10-11 17:17:17', "SYSTEM", '2020-10-11 17:17:17');
INSERT INTO PRIVILEGE (ROLE_NAME, MODULE_ID, STATUS, CREATEDBY, CREATEDDATE, MODIFIEDBY, MODIFIEDDATE) VALUES ("ROLE_STOCK_MANAGER",39, 1, "SYSTEM", '2020-10-11 17:17:17', "SYSTEM", '2020-10-11 17:17:17');
INSERT INTO PRIVILEGE (ROLE_NAME, MODULE_ID, STATUS, CREATEDBY, CREATEDDATE, MODIFIEDBY, MODIFIEDDATE) VALUES ("ROLE_STOCK_MANAGER",40, 1, "SYSTEM", '2020-10-11 17:17:17', "SYSTEM", '2020-10-11 17:17:17');
INSERT INTO PRIVILEGE (ROLE_NAME, MODULE_ID, STATUS, CREATEDBY, CREATEDDATE, MODIFIEDBY, MODIFIEDDATE) VALUES ("ROLE_STOCK_MANAGER",41, 1, "SYSTEM", '2020-10-11 17:17:17', "SYSTEM", '2020-10-11 17:17:17');
INSERT INTO PRIVILEGE (ROLE_NAME, MODULE_ID, STATUS, CREATEDBY, CREATEDDATE, MODIFIEDBY, MODIFIEDDATE) VALUES ("ROLE_STOCK_MANAGER",42, 1, "SYSTEM", '2020-10-11 17:17:17', "SYSTEM", '2020-10-11 17:17:17');
INSERT INTO PRIVILEGE (ROLE_NAME, MODULE_ID, STATUS, CREATEDBY, CREATEDDATE, MODIFIEDBY, MODIFIEDDATE) VALUES ("ROLE_STOCK_MANAGER",43, 1, "SYSTEM", '2020-10-11 17:17:17', "SYSTEM", '2020-10-11 17:17:17');
INSERT INTO PRIVILEGE (ROLE_NAME, MODULE_ID, STATUS, CREATEDBY, CREATEDDATE, MODIFIEDBY, MODIFIEDDATE) VALUES ("ROLE_STOCK_MANAGER",44, 1, "SYSTEM", '2020-10-11 17:17:17', "SYSTEM", '2020-10-11 17:17:17');

INSERT INTO PRIVILEGE (ROLE_NAME, MODULE_ID, STATUS, CREATEDBY, CREATEDDATE, MODIFIEDBY, MODIFIEDDATE) VALUES ("ROLE_USER_MANAGER",1, 1, "SYSTEM", '2020-10-11 17:17:17', "SYSTEM", '2020-10-11 17:17:17');
INSERT INTO PRIVILEGE (ROLE_NAME, MODULE_ID, STATUS, CREATEDBY, CREATEDDATE, MODIFIEDBY, MODIFIEDDATE) VALUES ("ROLE_USER_MANAGER",2, 1, "SYSTEM", '2020-10-11 17:17:17', "SYSTEM", '2020-10-11 17:17:17');
INSERT INTO PRIVILEGE (ROLE_NAME, MODULE_ID, STATUS, CREATEDBY, CREATEDDATE, MODIFIEDBY, MODIFIEDDATE) VALUES ("ROLE_USER_MANAGER",3, 1, "SYSTEM", '2020-10-11 17:17:17', "SYSTEM", '2020-10-11 17:17:17');
INSERT INTO PRIVILEGE (ROLE_NAME, MODULE_ID, STATUS, CREATEDBY, CREATEDDATE, MODIFIEDBY, MODIFIEDDATE) VALUES ("ROLE_USER_MANAGER",4, 1, "SYSTEM", '2020-10-11 17:17:17', "SYSTEM", '2020-10-11 17:17:17');
INSERT INTO PRIVILEGE (ROLE_NAME, MODULE_ID, STATUS, CREATEDBY, CREATEDDATE, MODIFIEDBY, MODIFIEDDATE) VALUES ("ROLE_USER_MANAGER",5, 1, "SYSTEM", '2020-10-11 17:17:17', "SYSTEM", '2020-10-11 17:17:17');
INSERT INTO PRIVILEGE (ROLE_NAME, MODULE_ID, STATUS, CREATEDBY, CREATEDDATE, MODIFIEDBY, MODIFIEDDATE) VALUES ("ROLE_USER_MANAGER",6, 1, "SYSTEM", '2020-10-11 17:17:17', "SYSTEM", '2020-10-11 17:17:17');
INSERT INTO PRIVILEGE (ROLE_NAME, MODULE_ID, STATUS, CREATEDBY, CREATEDDATE, MODIFIEDBY, MODIFIEDDATE) VALUES ("ROLE_USER_MANAGER",7, 1, "SYSTEM", '2020-10-11 17:17:17', "SYSTEM", '2020-10-11 17:17:17');
INSERT INTO PRIVILEGE (ROLE_NAME, MODULE_ID, STATUS, CREATEDBY, CREATEDDATE, MODIFIEDBY, MODIFIEDDATE) VALUES ("ROLE_USER_MANAGER",8, 1, "SYSTEM", '2020-10-11 17:17:17', "SYSTEM", '2020-10-11 17:17:17');
INSERT INTO PRIVILEGE (ROLE_NAME, MODULE_ID, STATUS, CREATEDBY, CREATEDDATE, MODIFIEDBY, MODIFIEDDATE) VALUES ("ROLE_USER_MANAGER",9, 1, "SYSTEM", '2020-10-11 17:17:17', "SYSTEM", '2020-10-11 17:17:17');
INSERT INTO PRIVILEGE (ROLE_NAME, MODULE_ID, STATUS, CREATEDBY, CREATEDDATE, MODIFIEDBY, MODIFIEDDATE) VALUES ("ROLE_USER_MANAGER",10, 1, "SYSTEM", '2020-10-11 17:17:17', "SYSTEM", '2020-10-11 17:17:17');

INSERT INTO PRIVILEGE (ROLE_NAME, MODULE_ID, STATUS, CREATEDBY, CREATEDDATE, MODIFIEDBY, MODIFIEDDATE) VALUES ("ROLE_SUPPLIER",1, 1, "admin@wsolution.com", '2021-04-10 15:03:20', "admin@wsolution.com", '2021-04-10 15:03:20');
INSERT INTO PRIVILEGE (ROLE_NAME, MODULE_ID, STATUS, CREATEDBY, CREATEDDATE, MODIFIEDBY, MODIFIEDDATE) VALUES ("ROLE_SUPPLIER",5, 1, "admin@wsolution.com", '2021-04-10 15:03:20', "admin@wsolution.com", '2021-04-10 15:03:20');
INSERT INTO PRIVILEGE (ROLE_NAME, MODULE_ID, STATUS, CREATEDBY, CREATEDDATE, MODIFIEDBY, MODIFIEDDATE) VALUES ("ROLE_SUPPLIER",7, 1, "admin@wsolution.com", '2021-04-03 11:59:52', "admin@wsolution.com", '2021-04-10 15:03:20');
INSERT INTO PRIVILEGE (ROLE_NAME, MODULE_ID, STATUS, CREATEDBY, CREATEDDATE, MODIFIEDBY, MODIFIEDDATE) VALUES ("ROLE_SUPPLIER",24, 1, "admin@wsolution.com", '2021-04-10 15:03:20', "admin@wsolution.com", '2021-04-10 15:03:20');
INSERT INTO PRIVILEGE (ROLE_NAME, MODULE_ID, STATUS, CREATEDBY, CREATEDDATE, MODIFIEDBY, MODIFIEDDATE) VALUES ("ROLE_SUPPLIER",34, 1, "admin@wsolution.com", '2021-04-10 15:03:20', "admin@wsolution.com", '2021-04-10 15:03:20');
INSERT INTO PRIVILEGE (ROLE_NAME, MODULE_ID, STATUS, CREATEDBY, CREATEDDATE, MODIFIEDBY, MODIFIEDDATE) VALUES ("ROLE_SUPPLIER",37, 1, "admin@wsolution.com", '2021-04-10 15:03:20', "admin@wsolution.com", '2021-04-10 15:03:20');
INSERT INTO PRIVILEGE (ROLE_NAME, MODULE_ID, STATUS, CREATEDBY, CREATEDDATE, MODIFIEDBY, MODIFIEDDATE) VALUES ("ROLE_SUPPLIER",41, 1, "admin@wsolution.com", '2021-04-10 15:03:20', "admin@wsolution.com", '2021-04-10 15:03:20');
INSERT INTO PRIVILEGE (ROLE_NAME, MODULE_ID, STATUS, CREATEDBY, CREATEDDATE, MODIFIEDBY, MODIFIEDDATE) VALUES ("ROLE_SUPPLIER",44, 1, "admin@wsolution.com", '2021-04-10 15:03:20', "admin@wsolution.com", '2021-04-10 15:03:20');
INSERT INTO PRIVILEGE (ROLE_NAME, MODULE_ID, STATUS, CREATEDBY, CREATEDDATE, MODIFIEDBY, MODIFIEDDATE) VALUES ("ROLE_SUPPLIER",54, 1, "admin@wsolution.com", '2021-04-10 15:03:20', "admin@wsolution.com", '2021-04-10 15:03:20');

-- Admin
-- Password is : PassworD1.
INSERT INTO USER (USERNAME, PASSWORD, STATUS, FAILEDATTEMPTS, CREATEDBY, CREATEDDATE, MODIFIEDBY, MODIFIEDDATE) VALUES ("admin@wsolution.com", "$2a$10$hAc6wTcSiPKQzY/gHwwnout7ujUIF4lb6edzCqm4VjsDxPRUKtvv2", 1, 0, "SYSTEM", '2020-10-11 17:17:17', "SYSTEM", '2020-10-11 17:17:17');
INSERT INTO USERROLE (USER_USERNAME, ROLE_NAME, STATUS, CREATEDBY, CREATEDDATE, MODIFIEDBY, MODIFIEDDATE) VALUES ("admin@wsolution.com", "ROLE_ADMIN", 1, "SYSTEM", '2020-10-11 17:17:17', "SYSTEM", '2020-10-11 17:17:17');
INSERT INTO CUSTOMER (ID, ADDRESS, CONTACT1, DESCRIPTION, EMAIL, NAME, TYPE, STATUS, CREATEDBY, CREATEDDATE, MODIFIEDBY, MODIFIEDDATE) VALUES (1, "Head office", "0112400400", "System generated customer", "admin@wsolution.com", "Admin", "Regular", 1, "SYSTEM", '2020-10-11 17:17:17', "SYSTEM", '2020-10-11 17:17:17');

--Customer
INSERT INTO USER (USERNAME, PASSWORD, STATUS, FAILEDATTEMPTS, CREATEDBY, CREATEDDATE, MODIFIEDBY, MODIFIEDDATE) VALUES ("dcmills@gmail.com", "$2a$10$puWhhi13fQOjMdfL1LBC/eWteb81vfRF/K6Zv.aGzA.YkEE277.bq", 1, 0, "admin@wsolution.com", '2021-04-03 13:00:56', "admin@wsolution.com", '2021-04-03 13:02:51');
INSERT INTO USERROLE (USER_USERNAME, ROLE_NAME, STATUS, CREATEDBY, CREATEDDATE, MODIFIEDBY, MODIFIEDDATE) VALUES ("dcmills@gmail.com", "ROLE_CUSTOMER", 1, "admin@wsolution.com", '2021-04-03 13:02:51', "admin@wsolution.com", '2021-04-03 13:02:51');
INSERT INTO CUSTOMER (ID, ADDRESS, CONTACT1, FAX, DESCRIPTION, EMAIL, NAME, TYPE, STATUS, CREATEDBY, CREATEDDATE, MODIFIEDBY, MODIFIEDDATE) VALUES (2, "Henmulla Rd, 11540", "0314931800", "0314931800", "Updated customer of the system", "dcmills@gmail.com", "ASIAN AGRO PRODUCTS (PVT) LTD. (NUTRIKOKOS)", "Regular", 1, "admin@wsolution.com", '2021-04-03 13:00:56', "admin@wsolution.com", '2021-04-03 13:02:51');

INSERT INTO USER (USERNAME, PASSWORD, STATUS, FAILEDATTEMPTS, CREATEDBY, CREATEDDATE, MODIFIEDBY, MODIFIEDDATE) VALUES ("info@elpitiya.com", "$2a$10$bzN3kTxhYeGmWN/fOXx3P.P1YAHCen0v9BT/AtUx42UtDN8WqXIeK", 1, 0, "admin@wsolution.com", '2021-04-03 13:14:00', "admin@wsolution.com", '2021-04-03 13:14:00');
INSERT INTO USERROLE (USER_USERNAME, ROLE_NAME, STATUS, CREATEDBY, CREATEDDATE, MODIFIEDBY, MODIFIEDDATE) VALUES ("info@elpitiya.com", "ROLE_CUSTOMER", 1, "admin@wsolution.com", '2021-04-03 13:14:00', "admin@wsolution.com", '2021-04-03 13:14:00');
INSERT INTO CUSTOMER (ID, ADDRESS, CONTACT1, FAX, DESCRIPTION, EMAIL, NAME, TYPE, STATUS, CREATEDBY, CREATEDDATE, MODIFIEDBY, MODIFIEDDATE) VALUES (3, "Level 09,  Aitken Spence Tower I,  No. 305, Vauxhall Street,  Colombo 02,  Sri Lanka.", "0114693000", "0114693030", "Created customer of the system", "info@elpitiya.com", "AEN Palm Oil Processing (Pvt.) Ltd.", "Regular", 1, "admin@wsolution.com", '2021-04-03 13:14:00', "admin@wsolution.com", '2021-04-03 13:14:00');

INSERT INTO USER (USERNAME, PASSWORD, STATUS, FAILEDATTEMPTS, CREATEDBY, CREATEDDATE, MODIFIEDBY, MODIFIEDDATE) VALUES ("madhawa@cocomate.com", "$2a$10$UQj6145tDeNtqWLpcF7JXOiJwVgo8kUeosJBB9HWLUczmmu4jjFBq", 1, 0, "admin@wsolution.com", '2021-04-03 13:28:50', "admin@wsolution.com", '2021-04-03 13:28:50');
INSERT INTO USERROLE (USER_USERNAME, ROLE_NAME, STATUS, CREATEDBY, CREATEDDATE, MODIFIEDBY, MODIFIEDDATE) VALUES ("madhawa@cocomate.com", "ROLE_CUSTOMER", 1, "admin@wsolution.com", '2021-04-03 13:28:50', "admin@wsolution.com", '2021-04-03 13:28:50');
INSERT INTO CUSTOMER (ID, ADDRESS, CONTACT1, FAX, DESCRIPTION, EMAIL, NAME, TYPE, STATUS, CREATEDBY, CREATEDDATE, MODIFIEDBY, MODIFIEDDATE) VALUES (4, "NDC Exports Nadalagamuwa Sri Lanka", "0372285774", "0372285774", "Created customer of the system", "madhawa@cocomate.com", "NDC Exports (Pvt) Ltd", "Regular", 1, "admin@wsolution.com", '2021-04-03 13:28:50', "admin@wsolution.com", '2021-04-03 13:28:50');

INSERT INTO USER (USERNAME, PASSWORD, STATUS, FAILEDATTEMPTS, CREATEDBY, CREATEDDATE, MODIFIEDBY, MODIFIEDDATE) VALUES ("inforlankasugar@lscl.lk", "$2a$10$v0yTy7HEhenCqeOyOR1ajO2NFl7xWAoSkYSVEFcivPFKSkInPVBKC", 1, 0, "admin@wsolution.com", '2021-04-03 13:34:42', "admin@wsolution.com", '2021-04-03 13:34:42');
INSERT INTO USERROLE (USER_USERNAME, ROLE_NAME, STATUS, CREATEDBY, CREATEDDATE, MODIFIEDBY, MODIFIEDDATE) VALUES ("inforlankasugar@lscl.lk", "ROLE_CUSTOMER", 1, "admin@wsolution.com", '2021-04-03 13:34:42', "admin@wsolution.com", '2021-04-03 13:34:42');
INSERT INTO CUSTOMER (ID, ADDRESS, CONTACT1, CONTACT2, FAX, DESCRIPTION, EMAIL, NAME, TYPE, STATUS, CREATEDBY, CREATEDDATE, MODIFIEDBY, MODIFIEDDATE) VALUES (5, "No. 27 Melbourne Avenue, Colombo 04", "0112584184", "0112584184", "0112500674", "Created customer of the system", "inforlankasugar@lscl.lk", "Lanka Sugar Company (Pvt) Ltd (LSCPL)", "Regular", 1, "admin@wsolution.com", '2021-04-03 13:34:42', "admin@wsolution.com", '2021-04-03 13:34:42');

INSERT INTO USER (USERNAME, PASSWORD, STATUS, FAILEDATTEMPTS, CREATEDBY, CREATEDDATE, MODIFIEDBY, MODIFIEDDATE) VALUES ("contact@ambalama.lk", "$2a$10$/ggBW6/b56LYia2caMEXPuRZtrJvSGGdSVjXHhToi8EcGQBajgorm", 1, 0, "admin@wsolution.com", '2021-04-03 13:57:50', "admin@wsolution.com", '2021-04-03 13:57:50');
INSERT INTO USERROLE (USER_USERNAME, ROLE_NAME, STATUS, CREATEDBY, CREATEDDATE, MODIFIEDBY, MODIFIEDDATE) VALUES ("contact@ambalama.lk", "ROLE_CUSTOMER", 1, "admin@wsolution.com", '2021-04-03 13:57:50', "admin@wsolution.com", '2021-04-03 13:57:50');
INSERT INTO CUSTOMER (ID, ADDRESS, CONTACT1, CONTACT2, FAX, DESCRIPTION, EMAIL, NAME, TYPE, STATUS, CREATEDBY, CREATEDDATE, MODIFIEDBY, MODIFIEDDATE) VALUES (6, "Ihala hanwalla,hanwalla,srilanka", "0759660519", "0365676876", "0362253388", "Created customer of the system", "contact@ambalama.lk", "Ambalama Leisure Lounge", "Regular", 1, "admin@wsolution.com", '2021-04-03 13:57:50', "admin@wsolution.com", '2021-04-03 13:57:50');



--Supplier

INSERT INTO USER (USERNAME, PASSWORD, STATUS, FAILEDATTEMPTS, CREATEDBY, CREATEDDATE, MODIFIEDBY, MODIFIEDDATE) VALUES ("info@danstoker.com", "$2a$10$KXjTs5SIo8MfZqlm9UaGtuk5s9M3oJAlrmm9E/EnvbfoMelBtqOtW", 1, 0, "admin@wsolution.com", '2021-04-03 12:02:05', "admin@wsolution.com", '2021-04-03 12:02:05');
INSERT INTO USERROLE (USER_USERNAME, ROLE_NAME, STATUS, CREATEDBY, CREATEDDATE, MODIFIEDBY, MODIFIEDDATE) VALUES ("info@danstoker.com", "ROLE_SUPPLIER", 1, "admin@wsolution.com", '2021-04-03 12:02:05', "admin@wsolution.com", '2021-04-03 12:02:05');
INSERT INTO SUPPLIER (ID, CODE, ADDRESS, CONTACT1, CONTACT2, FAX, DESCRIPTION, EMAIL, NAME, TYPE, STATUS, CREATEDBY, CREATEDDATE, MODIFIEDBY, MODIFIEDDATE)VALUES (1, "0001", "Plot No. 12, 21,25,26, 1 Block, MIDC, Chinchwad, Pimpri-Chinchwad, Maharashtra 411019, India", "+912025887297", "+912025887297", "+912025887297", "Created supplier of the system", "info@danstoker.com", "Thermax  Limited", "Foreign", 1, "admin@wsolution.com", '2021-04-03 12:02:05', "admin@wsolution.com", '2021-04-03 12:02:05');

INSERT INTO USER (USERNAME, PASSWORD, STATUS, FAILEDATTEMPTS, CREATEDBY, CREATEDDATE, MODIFIEDBY, MODIFIEDDATE) VALUES ("devi@slt.lk", "$2a$10$cowuNsDyvNz0R2BRa1AFXelVj2baX33I3/n9ZZHINtA8/JuGZHRIq", 1, 0, "admin@wsolution.com", '2021-04-03 12:24:31', "admin@wsolution.com", '2021-04-03 12:24:31');
INSERT INTO USERROLE (USER_USERNAME, ROLE_NAME, STATUS, CREATEDBY, CREATEDDATE, MODIFIEDBY, MODIFIEDDATE) VALUES ("devi@slt.lk", "ROLE_SUPPLIER", 1, "admin@wsolution.com", '2021-04-03 12:24:31', "admin@wsolution.com", '2021-04-03 12:24:31');
INSERT INTO SUPPLIER (ID, CODE, ADDRESS, CONTACT1, CONTACT2, FAX, DESCRIPTION, EMAIL, NAME, TYPE, STATUS, CREATEDBY, CREATEDDATE, MODIFIEDBY, MODIFIEDDATE) VALUES (2, "0002", "No:125, Bankshall Street, Colombo-11", "+94114724572", "+94112335124", "+94112432444", "Created supplier of the system", "devi@slt.lk", "Devi Trading Company", "Local", 1, "admin@wsolution.com", '2021-04-03 12:24:31', "admin@wsolution.com", '2021-04-03 12:24:31');

INSERT INTO USER (USERNAME, PASSWORD, STATUS, FAILEDATTEMPTS, CREATEDBY, CREATEDDATE, MODIFIEDBY, MODIFIEDDATE) VALUES ("info@wct.lk", "$2a$10$mksSR1aQBEPgiKoUte14seHOovuKplI7wv2hvN7cxban3fnkqjyeC", 1, 0, "admin@wsolution.com", '2021-04-03 12:33:21', "admin@wsolution.com", '2021-04-03 12:33:21');
INSERT INTO USERROLE (USER_USERNAME, ROLE_NAME, STATUS, CREATEDBY, CREATEDDATE, MODIFIEDBY, MODIFIEDDATE) VALUES ("info@wct.lk", "ROLE_SUPPLIER", 1, "admin@wsolution.com", '2021-04-03 12:33:21', "admin@wsolution.com", '2021-04-03 12:33:21');
INSERT INTO SUPPLIER (ID, CODE, ADDRESS, CONTACT1, CONTACT2, FAX, DESCRIPTION, EMAIL, NAME, TYPE, STATUS, CREATEDBY, CREATEDDATE, MODIFIEDBY, MODIFIEDDATE) VALUES (3, "0003", "#77 UDA Industrila Estate, Katuwana, Homagama (10200), Sri Lanka", "+94112895350", "+94112895350", "+94112895999", "Created supplier of the system", "info@wct.lk", "Watercare Technologies Pvt Ltd", "Local", 1, "admin@wsolution.com", '2021-04-03 12:33:22', "admin@wsolution.com", '2021-04-03 12:33:22');

INSERT INTO USER (USERNAME, PASSWORD, STATUS, FAILEDATTEMPTS, CREATEDBY, CREATEDDATE, MODIFIEDBY, MODIFIEDDATE) VALUES ("admin@sdchemlanka.com", "$2a$10$kHKYFopCLn9VsP/Maj4ufOZxovlTYVl350wDpc4.rac5bqYJZOglq", 1, 0, "admin@wsolution.com", '2021-04-03 12:41:12', "admin@wsolution.com", '2021-04-03 12:41:12');
INSERT INTO USERROLE (USER_USERNAME, ROLE_NAME, STATUS, CREATEDBY, CREATEDDATE, MODIFIEDBY, MODIFIEDDATE) VALUES ("admin@sdchemlanka.com", "ROLE_SUPPLIER", 1, "admin@wsolution.com", '2021-04-03 12:41:13', "admin@wsolution.com", '2021-04-03 12:41:13');
INSERT INTO SUPPLIER (ID, CODE, ADDRESS, CONTACT1, CONTACT2, FAX, DESCRIPTION, EMAIL, NAME, TYPE, STATUS, CREATEDBY, CREATEDDATE, MODIFIEDBY, MODIFIEDDATE) VALUES (4, "0004", "No 36, Old Kesbewa Road, Boralesgamuwa, Sri Lanka", "+94114515544", "+94114515225", "+94114515225", "Created supplier of the system", "admin@sdchemlanka.com", "S&D Associates", "Local", 1, "admin@wsolution.com", '2021-04-03 12:41:13', "admin@wsolution.com", '2021-04-03 12:41:13');



-- Other Data
-- Discounts
INSERT INTO DISCOUNT (ID, CATEGORY, DISCOUNT, TYPE, STATUS, CREATEDBY, CREATEDDATE, MODIFIEDBY, MODIFIEDDATE) VALUES (1, "CUSTOMER", 0.05, "EXTERNAL", 1, "SYSTEM", '2020-10-11 17:17:17', "SYSTEM", '2020-10-11 17:17:17');
INSERT INTO DISCOUNT (ID, CATEGORY, DISCOUNT, TYPE, STATUS, CREATEDBY, CREATEDDATE, MODIFIEDBY, MODIFIEDDATE) VALUES (2, "CUSTOMER", 0.1, "REGULAR", 1, "SYSTEM", '2020-10-11 17:17:17', "SYSTEM", '2020-10-11 17:17:17');

-- Vehicle Types
INSERT INTO VEHICLETYPE (ID, NAME, STATUS, CREATEDBY, CREATEDDATE, MODIFIEDBY, MODIFIEDDATE) VALUES (1, "BICYCLE", 1, "SYSTEM", '2020-10-11 17:17:17', "SYSTEM", '2020-10-11 17:17:17');
INSERT INTO VEHICLETYPE (ID, NAME, STATUS, CREATEDBY, CREATEDDATE, MODIFIEDBY, MODIFIEDDATE) VALUES (2, "CAR", 1, "SYSTEM", '2020-10-11 17:17:17', "SYSTEM", '2020-10-11 17:17:17');
INSERT INTO VEHICLETYPE (ID, NAME, STATUS, CREATEDBY, CREATEDDATE, MODIFIEDBY, MODIFIEDDATE) VALUES (3, "VAN", 1, "SYSTEM", '2020-10-11 17:17:17', "SYSTEM", '2020-10-11 17:17:17');
INSERT INTO VEHICLETYPE (ID, NAME, STATUS, CREATEDBY, CREATEDDATE, MODIFIEDBY, MODIFIEDDATE) VALUES (4, "BUS", 1, "SYSTEM", '2020-10-11 17:17:17', "SYSTEM", '2020-10-11 17:17:17');
INSERT INTO VEHICLETYPE (ID, NAME, STATUS, CREATEDBY, CREATEDDATE, MODIFIEDBY, MODIFIEDDATE) VALUES (5, "LORRY", 1, "SYSTEM", '2020-10-11 17:17:17', "SYSTEM", '2020-10-11 17:17:17');

-- Vehicle Facilities
INSERT INTO VEHICLEFACILITY (ID, NAME, STATUS, CREATEDBY, CREATEDDATE, MODIFIEDBY, MODIFIEDDATE) VALUES (1, "4-WD", 1, "SYSTEM", '2020-10-11 17:17:17', "SYSTEM", '2020-10-11 17:17:17');
INSERT INTO VEHICLEFACILITY (ID, NAME, STATUS, CREATEDBY, CREATEDDATE, MODIFIEDBY, MODIFIEDDATE) VALUES (2, "AC", 1, "SYSTEM", '2020-10-11 17:17:17', "SYSTEM", '2020-10-11 17:17:17');
INSERT INTO VEHICLEFACILITY (ID, NAME, STATUS, CREATEDBY, CREATEDDATE, MODIFIEDBY, MODIFIEDDATE) VALUES (3, "Non-AC", 1, "SYSTEM", '2020-10-11 17:17:17', "SYSTEM", '2020-10-11 17:17:17');

-- Designations
INSERT INTO DESIGNATION (ID, NAME, STATUS, CREATEDBY, CREATEDDATE, MODIFIEDBY, MODIFIEDDATE) VALUES (1, "Maintenance Staff", 1, "SYSTEM", '2020-10-11 17:17:17', "SYSTEM", '2020-10-11 17:17:17');
INSERT INTO DESIGNATION (ID, NAME, STATUS, CREATEDBY, CREATEDDATE, MODIFIEDBY, MODIFIEDDATE) VALUES (2, "Delivery Staff", 1, "SYSTEM", '2020-10-11 17:17:17', "SYSTEM", '2020-10-11 17:17:17');
INSERT INTO DESIGNATION (ID, NAME, STATUS, CREATEDBY, CREATEDDATE, MODIFIEDBY, MODIFIEDDATE) VALUES (3, "Management Staff", 1, "SYSTEM", '2020-10-11 17:17:17', "SYSTEM", '2020-10-11 17:17:17');
INSERT INTO DESIGNATION (ID, NAME, STATUS, CREATEDBY, CREATEDDATE, MODIFIEDBY, MODIFIEDDATE) VALUES (4, "Financial Staff", 1, "SYSTEM", '2020-10-11 17:17:17', "SYSTEM", '2020-10-11 17:17:17');
