-- Insert Scripts
INSERT INTO MODULE (ID, PERMISSION_CODE, PERMISSION_DESCRIPTION, STATUS, CREATEDBY, CREATEDDATE, MODIFIEDBY, MODIFIEDDATE) VALUES (1,"INV", "Navigate to Dashboard", 1, "SYSTEM", '2020-10-11 17:17:17', "SYSTEM", '2020-10-11 17:17:17');
INSERT INTO MODULE (ID, PERMISSION_CODE, PERMISSION_DESCRIPTION, STATUS, CREATEDBY, CREATEDDATE, MODIFIEDBY, MODIFIEDDATE) VALUES (2,"INV-CUS", "Navigate to Customer", 1, "SYSTEM", '2020-10-11 17:17:17', "SYSTEM", '2020-10-11 17:17:17');
INSERT INTO MODULE (ID, PERMISSION_CODE, PERMISSION_DESCRIPTION, STATUS, CREATEDBY, CREATEDDATE, MODIFIEDBY, MODIFIEDDATE) VALUES (3,"INV-CUS-VW", "View All Customers", 1, "SYSTEM", '2020-10-11 17:17:17', "SYSTEM", '2020-10-11 17:17:17');
INSERT INTO MODULE (ID, PERMISSION_CODE, PERMISSION_DESCRIPTION, STATUS, CREATEDBY, CREATEDDATE, MODIFIEDBY, MODIFIEDDATE) VALUES (4,"INV-CUS-CR", "Create Customer", 1, "SYSTEM", '2020-10-11 17:17:17', "SYSTEM", '2020-10-11 17:17:17');
INSERT INTO MODULE (ID, PERMISSION_CODE, PERMISSION_DESCRIPTION, STATUS, CREATEDBY, CREATEDDATE, MODIFIEDBY, MODIFIEDDATE) VALUES (5,"INV-SUP", "Navigate to Supplier", 1, "SYSTEM", '2020-10-11 17:17:17', "SYSTEM", '2020-10-11 17:17:17');
INSERT INTO MODULE (ID, PERMISSION_CODE, PERMISSION_DESCRIPTION, STATUS, CREATEDBY, CREATEDDATE, MODIFIEDBY, MODIFIEDDATE) VALUES (6,"INV-SUP-VW", "View All Suppliers", 1, "SYSTEM", '2020-10-11 17:17:17', "SYSTEM", '2020-10-11 17:17:17');
INSERT INTO MODULE (ID, PERMISSION_CODE, PERMISSION_DESCRIPTION, STATUS, CREATEDBY, CREATEDDATE, MODIFIEDBY, MODIFIEDDATE) VALUES (7,"INV-SUP-CR", "Create Supplier", 1, "SYSTEM", '2020-10-11 17:17:17', "SYSTEM", '2020-10-11 17:17:17');
INSERT INTO MODULE (ID, PERMISSION_CODE, PERMISSION_DESCRIPTION, STATUS, CREATEDBY, CREATEDDATE, MODIFIEDBY, MODIFIEDDATE) VALUES (8,"INV-EMP", "Navigate to Employee", 1, "SYSTEM", '2020-10-11 17:17:17', "SYSTEM", '2020-10-11 17:17:17');
INSERT INTO MODULE (ID, PERMISSION_CODE, PERMISSION_DESCRIPTION, STATUS, CREATEDBY, CREATEDDATE, MODIFIEDBY, MODIFIEDDATE) VALUES (9,"INV-EMP-VW", "View All Employees", 1, "SYSTEM", '2020-10-11 17:17:17', "SYSTEM", '2020-10-11 17:17:17');
INSERT INTO MODULE (ID, PERMISSION_CODE, PERMISSION_DESCRIPTION, STATUS, CREATEDBY, CREATEDDATE, MODIFIEDBY, MODIFIEDDATE) VALUES (10,"INV-EMP-CR", "Create Employee", 1, "SYSTEM", '2020-10-11 17:17:17', "SYSTEM", '2020-10-11 17:17:17');
INSERT INTO MODULE (ID, PERMISSION_CODE, PERMISSION_DESCRIPTION, STATUS, CREATEDBY, CREATEDDATE, MODIFIEDBY, MODIFIEDDATE) VALUES (11,"INV-TRS", "Navigate to Transport", 1, "SYSTEM", '2020-10-11 17:17:17', "SYSTEM", '2020-10-11 17:17:17');
INSERT INTO MODULE (ID, PERMISSION_CODE, PERMISSION_DESCRIPTION, STATUS, CREATEDBY, CREATEDDATE, MODIFIEDBY, MODIFIEDDATE) VALUES (12,"INV-TRS-VW", "View All Transports", 1, "SYSTEM", '2020-10-11 17:17:17', "SYSTEM", '2020-10-11 17:17:17');
INSERT INTO MODULE (ID, PERMISSION_CODE, PERMISSION_DESCRIPTION, STATUS, CREATEDBY, CREATEDDATE, MODIFIEDBY, MODIFIEDDATE) VALUES (13,"INV-TRS-CR", "Create Transport", 1, "SYSTEM", '2020-10-11 17:17:17', "SYSTEM", '2020-10-11 17:17:17');
INSERT INTO MODULE (ID, PERMISSION_CODE, PERMISSION_DESCRIPTION, STATUS, CREATEDBY, CREATEDDATE, MODIFIEDBY, MODIFIEDDATE) VALUES (14,"INV-USR", "Navigate to User", 1, "SYSTEM", '2020-10-11 17:17:17', "SYSTEM", '2020-10-11 17:17:17');
INSERT INTO MODULE (ID, PERMISSION_CODE, PERMISSION_DESCRIPTION, STATUS, CREATEDBY, CREATEDDATE, MODIFIEDBY, MODIFIEDDATE) VALUES (15,"INV-USR-VW", "View All Users", 1, "SYSTEM", '2020-10-11 17:17:17', "SYSTEM", '2020-10-11 17:17:17');
INSERT INTO MODULE (ID, PERMISSION_CODE, PERMISSION_DESCRIPTION, STATUS, CREATEDBY, CREATEDDATE, MODIFIEDBY, MODIFIEDDATE) VALUES (16,"INV-ROL", "Navigate to Role", 1, "SYSTEM", '2020-10-11 17:17:17', "SYSTEM", '2020-10-11 17:17:17');
INSERT INTO MODULE (ID, PERMISSION_CODE, PERMISSION_DESCRIPTION, STATUS, CREATEDBY, CREATEDDATE, MODIFIEDBY, MODIFIEDDATE) VALUES (17,"INV-ROL-VW", "View All Roles", 1, "SYSTEM", '2020-10-11 17:17:17', "SYSTEM", '2020-10-11 17:17:17');
INSERT INTO MODULE (ID, PERMISSION_CODE, PERMISSION_DESCRIPTION, STATUS, CREATEDBY, CREATEDDATE, MODIFIEDBY, MODIFIEDDATE) VALUES (18,"INV-ROL-CR", "Create Role", 1, "SYSTEM", '2020-10-11 17:17:17', "SYSTEM", '2020-10-11 17:17:17');
INSERT INTO MODULE (ID, PERMISSION_CODE, PERMISSION_DESCRIPTION, STATUS, CREATEDBY, CREATEDDATE, MODIFIEDBY, MODIFIEDDATE) VALUES (19,"INV-ITM", "Navigate to Item", 1, "SYSTEM", '2020-10-11 17:17:17', "SYSTEM", '2020-10-11 17:17:17');
INSERT INTO MODULE (ID, PERMISSION_CODE, PERMISSION_DESCRIPTION, STATUS, CREATEDBY, CREATEDDATE, MODIFIEDBY, MODIFIEDDATE) VALUES (20,"INV-ITM-VW", "View All Items", 1, "SYSTEM", '2020-10-11 17:17:17', "SYSTEM", '2020-10-11 17:17:17');
INSERT INTO MODULE (ID, PERMISSION_CODE, PERMISSION_DESCRIPTION, STATUS, CREATEDBY, CREATEDDATE, MODIFIEDBY, MODIFIEDDATE) VALUES (21,"INV-ITM-CR", "Create Item", 1, "SYSTEM", '2020-10-11 17:17:17', "SYSTEM", '2020-10-11 17:17:17');
INSERT INTO MODULE (ID, PERMISSION_CODE, PERMISSION_DESCRIPTION, STATUS, CREATEDBY, CREATEDDATE, MODIFIEDBY, MODIFIEDDATE) VALUES (23,"INV-INV", "Navigate to Inventory", 1, "SYSTEM", '2020-10-11 17:17:17', "SYSTEM", '2020-10-11 17:17:17');
INSERT INTO MODULE (ID, PERMISSION_CODE, PERMISSION_DESCRIPTION, STATUS, CREATEDBY, CREATEDDATE, MODIFIEDBY, MODIFIEDDATE) VALUES (24,"INV-INV-VW", "View Inventory", 1, "SYSTEM", '2020-10-11 17:17:17', "SYSTEM", '2020-10-11 17:17:17');
INSERT INTO MODULE (ID, PERMISSION_CODE, PERMISSION_DESCRIPTION, STATUS, CREATEDBY, CREATEDDATE, MODIFIEDBY, MODIFIEDDATE) VALUES (25,"INV-INV-IN-VW", "View Product Inbound Inventory", 1, "SYSTEM", '2020-10-11 17:17:17', "SYSTEM", '2020-10-11 17:17:17');
INSERT INTO MODULE (ID, PERMISSION_CODE, PERMISSION_DESCRIPTION, STATUS, CREATEDBY, CREATEDDATE, MODIFIEDBY, MODIFIEDDATE) VALUES (26,"INV-INV-OUT-VW", "View Product Outbound Inventory", 1, "SYSTEM", '2020-10-11 17:17:17', "SYSTEM", '2020-10-11 17:17:17');
INSERT INTO MODULE (ID, PERMISSION_CODE, PERMISSION_DESCRIPTION, STATUS, CREATEDBY, CREATEDDATE, MODIFIEDBY, MODIFIEDDATE) VALUES (27,"INV-INV-DIS-VW", "View Disposal Products", 1, "SYSTEM", '2020-10-11 17:17:17', "SYSTEM", '2020-10-11 17:17:17');
INSERT INTO MODULE (ID, PERMISSION_CODE, PERMISSION_DESCRIPTION, STATUS, CREATEDBY, CREATEDDATE, MODIFIEDBY, MODIFIEDDATE) VALUES (28,"INV-SLE", "Navigate to Sales", 1, "SYSTEM", '2020-10-11 17:17:17', "SYSTEM", '2020-10-11 17:17:17');
INSERT INTO MODULE (ID, PERMISSION_CODE, PERMISSION_DESCRIPTION, STATUS, CREATEDBY, CREATEDDATE, MODIFIEDBY, MODIFIEDDATE) VALUES (29,"INV-SLE-VW", "View All Sales", 1, "SYSTEM", '2020-10-11 17:17:17', "SYSTEM", '2020-10-11 17:17:17');
INSERT INTO MODULE (ID, PERMISSION_CODE, PERMISSION_DESCRIPTION, STATUS, CREATEDBY, CREATEDDATE, MODIFIEDBY, MODIFIEDDATE) VALUES (30,"INV-ORD", "Navigate to Order", 1, "SYSTEM", '2020-10-11 17:17:17', "SYSTEM", '2020-10-11 17:17:17');
INSERT INTO MODULE (ID, PERMISSION_CODE, PERMISSION_DESCRIPTION, STATUS, CREATEDBY, CREATEDDATE, MODIFIEDBY, MODIFIEDDATE) VALUES (31,"INV-ORD-VW", "View All Orders", 1, "SYSTEM", '2020-10-11 17:17:17', "SYSTEM", '2020-10-11 17:17:17');
INSERT INTO MODULE (ID, PERMISSION_CODE, PERMISSION_DESCRIPTION, STATUS, CREATEDBY, CREATEDDATE, MODIFIEDBY, MODIFIEDDATE) VALUES (32,"INV-ORD-CR", "Place Order", 1, "SYSTEM", '2020-10-11 17:17:17', "SYSTEM", '2020-10-11 17:17:17');
INSERT INTO MODULE (ID, PERMISSION_CODE, PERMISSION_DESCRIPTION, STATUS, CREATEDBY, CREATEDDATE, MODIFIEDBY, MODIFIEDDATE) VALUES (33,"INV-PO", "Navigate to Purchase Order", 1, "SYSTEM", '2020-10-11 17:17:17', "SYSTEM", '2020-10-11 17:17:17');
INSERT INTO MODULE (ID, PERMISSION_CODE, PERMISSION_DESCRIPTION, STATUS, CREATEDBY, CREATEDDATE, MODIFIEDBY, MODIFIEDDATE) VALUES (34,"INV-PO-VW", "View Purchase Orders", 1, "SYSTEM", '2020-10-11 17:17:17', "SYSTEM", '2020-10-11 17:17:17');
INSERT INTO MODULE (ID, PERMISSION_CODE, PERMISSION_DESCRIPTION, STATUS, CREATEDBY, CREATEDDATE, MODIFIEDBY, MODIFIEDDATE) VALUES (35,"INV-PO-CR", "Place Purchase Order", 1, "SYSTEM", '2020-10-11 17:17:17', "SYSTEM", '2020-10-11 17:17:17');
INSERT INTO MODULE (ID, PERMISSION_CODE, PERMISSION_DESCRIPTION, STATUS, CREATEDBY, CREATEDDATE, MODIFIEDBY, MODIFIEDDATE) VALUES (36,"INV-GRN", "Navigate to GRN", 1, "SYSTEM", '2020-10-11 17:17:17', "SYSTEM", '2020-10-11 17:17:17');
INSERT INTO MODULE (ID, PERMISSION_CODE, PERMISSION_DESCRIPTION, STATUS, CREATEDBY, CREATEDDATE, MODIFIEDBY, MODIFIEDDATE) VALUES (37,"INV-GRN-VW", "View All GRNs", 1, "SYSTEM", '2020-10-11 17:17:17', "SYSTEM", '2020-10-11 17:17:17');
INSERT INTO MODULE (ID, PERMISSION_CODE, PERMISSION_DESCRIPTION, STATUS, CREATEDBY, CREATEDDATE, MODIFIEDBY, MODIFIEDDATE) VALUES (38,"INV-GRN-CR", "Create GRN", 1, "SYSTEM", '2020-10-11 17:17:17', "SYSTEM", '2020-10-11 17:17:17');
INSERT INTO MODULE (ID, PERMISSION_CODE, PERMISSION_DESCRIPTION, STATUS, CREATEDBY, CREATEDDATE, MODIFIEDBY, MODIFIEDDATE) VALUES (39,"INV-GRN-RET", "Navigate to Supplier Return", 1, "SYSTEM", '2020-10-11 17:17:17', "SYSTEM", '2020-10-11 17:17:17');
INSERT INTO MODULE (ID, PERMISSION_CODE, PERMISSION_DESCRIPTION, STATUS, CREATEDBY, CREATEDDATE, MODIFIEDBY, MODIFIEDDATE) VALUES (40,"INV-GRN-RET-VW", "View All Supplier Returns", 1, "SYSTEM", '2020-10-11 17:17:17', "SYSTEM", '2020-10-11 17:17:17');
INSERT INTO MODULE (ID, PERMISSION_CODE, PERMISSION_DESCRIPTION, STATUS, CREATEDBY, CREATEDDATE, MODIFIEDBY, MODIFIEDDATE) VALUES (41,"INV-GRN-RET-CR", "Create Supplier Returns", 1, "SYSTEM", '2020-10-11 17:17:17', "SYSTEM", '2020-10-11 17:17:17');
INSERT INTO MODULE (ID, PERMISSION_CODE, PERMISSION_DESCRIPTION, STATUS, CREATEDBY, CREATEDDATE, MODIFIEDBY, MODIFIEDDATE) VALUES (42,"INV-GRN-REF", "Navigate to Supplier Refund", 1, "SYSTEM", '2020-10-11 17:17:17', "SYSTEM", '2020-10-11 17:17:17');
INSERT INTO MODULE (ID, PERMISSION_CODE, PERMISSION_DESCRIPTION, STATUS, CREATEDBY, CREATEDDATE, MODIFIEDBY, MODIFIEDDATE) VALUES (43,"INV-GRN-REF-VW", "View All Supplier Refunds", 1, "SYSTEM", '2020-10-11 17:17:17', "SYSTEM", '2020-10-11 17:17:17');
INSERT INTO MODULE (ID, PERMISSION_CODE, PERMISSION_DESCRIPTION, STATUS, CREATEDBY, CREATEDDATE, MODIFIEDBY, MODIFIEDDATE) VALUES (44,"INV-GRN-REF-CR", "Create Supplier Refund", 1, "SYSTEM", '2020-10-11 17:17:17', "SYSTEM", '2020-10-11 17:17:17');
INSERT INTO MODULE (ID, PERMISSION_CODE, PERMISSION_DESCRIPTION, STATUS, CREATEDBY, CREATEDDATE, MODIFIEDBY, MODIFIEDDATE) VALUES (45,"INV-PAY", "Navigate to Payment", 1, "SYSTEM", '2020-10-11 17:17:17', "SYSTEM", '2020-10-11 17:17:17');
INSERT INTO MODULE (ID, PERMISSION_CODE, PERMISSION_DESCRIPTION, STATUS, CREATEDBY, CREATEDDATE, MODIFIEDBY, MODIFIEDDATE) VALUES (46,"INV-PAY-CUS-VW", "View All Customer Payments", 1, "SYSTEM", '2020-10-11 17:17:17', "SYSTEM", '2020-10-11 17:17:17');
INSERT INTO MODULE (ID, PERMISSION_CODE, PERMISSION_DESCRIPTION, STATUS, CREATEDBY, CREATEDDATE, MODIFIEDBY, MODIFIEDDATE) VALUES (47,"INV-PAY-SUP-VW", "View All Supplier Payments", 1, "SYSTEM", '2020-10-11 17:17:17', "SYSTEM", '2020-10-11 17:17:17');
INSERT INTO MODULE (ID, PERMISSION_CODE, PERMISSION_DESCRIPTION, STATUS, CREATEDBY, CREATEDDATE, MODIFIEDBY, MODIFIEDDATE) VALUES (48,"INV-PAY-CR", "Do Payments", 1, "SYSTEM", '2020-10-11 17:17:17', "SYSTEM", '2020-10-11 17:17:17');
INSERT INTO MODULE (ID, PERMISSION_CODE, PERMISSION_DESCRIPTION, STATUS, CREATEDBY, CREATEDDATE, MODIFIEDBY, MODIFIEDDATE) VALUES (49,"INV-TEST", "Navigate to Chemical Test", 1, "SYSTEM", '2020-10-11 17:17:17', "SYSTEM", '2020-10-11 17:17:17');
INSERT INTO MODULE (ID, PERMISSION_CODE, PERMISSION_DESCRIPTION, STATUS, CREATEDBY, CREATEDDATE, MODIFIEDBY, MODIFIEDDATE) VALUES (50,"INV-TEST-VW", "View All Chemical Test", 1, "SYSTEM", '2020-10-11 17:17:17', "SYSTEM", '2020-10-11 17:17:17');
INSERT INTO MODULE (ID, PERMISSION_CODE, PERMISSION_DESCRIPTION, STATUS, CREATEDBY, CREATEDDATE, MODIFIEDBY, MODIFIEDDATE) VALUES (51,"INV-TEST-CR", "Create Chemical Test", 1, "SYSTEM", '2020-10-11 17:17:17', "SYSTEM", '2020-10-11 17:17:17');
INSERT INTO MODULE (ID, PERMISSION_CODE, PERMISSION_DESCRIPTION, STATUS, CREATEDBY, CREATEDDATE, MODIFIEDBY, MODIFIEDDATE) VALUES (52,"INV-NTFY", "Navigate to Notifications", 1, "SYSTEM", '2020-10-11 17:17:17', "SYSTEM", '2020-10-11 17:17:17');
INSERT INTO MODULE (ID, PERMISSION_CODE, PERMISSION_DESCRIPTION, STATUS, CREATEDBY, CREATEDDATE, MODIFIEDBY, MODIFIEDDATE) VALUES (53,"INV-NTFY-VW", "View All Notifications", 1, "SYSTEM", '2020-10-11 17:17:17', "SYSTEM", '2020-10-11 17:17:17');
INSERT INTO MODULE (ID, PERMISSION_CODE, PERMISSION_DESCRIPTION, STATUS, CREATEDBY, CREATEDDATE, MODIFIEDBY, MODIFIEDDATE) VALUES (54,"INV-COM", "Navigate to Complains", 1, "SYSTEM", '2020-10-11 17:17:17', "SYSTEM", '2020-10-11 17:17:17');
INSERT INTO MODULE (ID, PERMISSION_CODE, PERMISSION_DESCRIPTION, STATUS, CREATEDBY, CREATEDDATE, MODIFIEDBY, MODIFIEDDATE) VALUES (55,"INV-COM-VW", "View All Complains", 1, "SYSTEM", '2020-10-11 17:17:17', "SYSTEM", '2020-10-11 17:17:17');
INSERT INTO MODULE (ID, PERMISSION_CODE, PERMISSION_DESCRIPTION, STATUS, CREATEDBY, CREATEDDATE, MODIFIEDBY, MODIFIEDDATE) VALUES (56,"INV-COM-CR", "Create Complain", 1, "SYSTEM", '2020-10-11 17:17:17', "SYSTEM", '2020-10-11 17:17:17');
INSERT INTO MODULE (ID, PERMISSION_CODE, PERMISSION_DESCRIPTION, STATUS, CREATEDBY, CREATEDDATE, MODIFIEDBY, MODIFIEDDATE) VALUES (57,"INV-RPT", "Navigate to Reports", 1, "SYSTEM", '2020-10-11 17:17:17', "SYSTEM", '2020-10-11 17:17:17');
INSERT INTO MODULE (ID, PERMISSION_CODE, PERMISSION_DESCRIPTION, STATUS, CREATEDBY, CREATEDDATE, MODIFIEDBY, MODIFIEDDATE) VALUES (58,"INV-RPT-SLE", "Sales Report", 1, "SYSTEM", '2020-10-11 17:17:17', "SYSTEM", '2020-10-11 17:17:17');
INSERT INTO MODULE (ID, PERMISSION_CODE, PERMISSION_DESCRIPTION, STATUS, CREATEDBY, CREATEDDATE, MODIFIEDBY, MODIFIEDDATE) VALUES (59,"INV-ORD-ALL", "Navigate to view all/any Orders", 1, "SYSTEM", '2020-10-11 17:17:17', "SYSTEM", '2020-10-11 17:17:17');
INSERT INTO MODULE (ID, PERMISSION_CODE, PERMISSION_DESCRIPTION, STATUS, CREATEDBY, CREATEDDATE, MODIFIEDBY, MODIFIEDDATE) VALUES (60,"INV-DEL", "Navigate to Deliveries", 1, "SYSTEM", '2020-10-11 17:17:17', "SYSTEM", '2020-10-11 17:17:17');
INSERT INTO MODULE (ID, PERMISSION_CODE, PERMISSION_DESCRIPTION, STATUS, CREATEDBY, CREATEDDATE, MODIFIEDBY, MODIFIEDDATE) VALUES (61,"INV-DEL-VW", "View delivery", 1, "SYSTEM", '2020-10-11 17:17:17', "SYSTEM", '2020-10-11 17:17:17');
INSERT INTO MODULE (ID, PERMISSION_CODE, PERMISSION_DESCRIPTION, STATUS, CREATEDBY, CREATEDDATE, MODIFIEDBY, MODIFIEDDATE) VALUES (62,"INV-INV-DIS-CR", "Create Disposal Product", 1, "SYSTEM", '2020-10-11 17:17:17', "SYSTEM", '2020-10-11 17:17:17');
INSERT INTO MODULE (ID, PERMISSION_CODE, PERMISSION_DESCRIPTION, STATUS, CREATEDBY, CREATEDDATE, MODIFIEDBY, MODIFIEDDATE) VALUES (63,"INV-PO-ALL", "Navigate to view all/any Purchase Orders", 1, "SYSTEM", '2020-10-11 17:17:17', "SYSTEM", '2020-10-11 17:17:17');
INSERT INTO MODULE (ID, PERMISSION_CODE, PERMISSION_DESCRIPTION, STATUS, CREATEDBY, CREATEDDATE, MODIFIEDBY, MODIFIEDDATE) VALUES (64,"INV-TEST-CUS", "Navigate to view public Chemical Test", 1, "SYSTEM", '2020-10-11 17:17:17', "SYSTEM", '2020-10-11 17:17:17');

INSERT INTO ROLE (NAME, STATUS, CREATEDBY, CREATEDDATE, MODIFIEDBY, MODIFIEDDATE) VALUES ("ROLE_ADMIN", 1, "SYSTEM", '2020-10-11 17:17:17', "SYSTEM", '2020-10-11 17:17:17');
INSERT INTO ROLE (NAME, STATUS, CREATEDBY, CREATEDDATE, MODIFIEDBY, MODIFIEDDATE) VALUES ("ROLE_CUSTOMER", 1, "SYSTEM", '2020-10-11 17:17:17', "SYSTEM", '2020-10-11 17:17:17');
INSERT INTO ROLE (NAME, STATUS, CREATEDBY, CREATEDDATE, MODIFIEDBY, MODIFIEDDATE) VALUES ("ROLE_STOCK_MANAGER", 1, "SYSTEM", '2020-10-11 17:17:17', "SYSTEM", '2020-10-11 17:17:17');
INSERT INTO ROLE (NAME, STATUS, CREATEDBY, CREATEDDATE, MODIFIEDBY, MODIFIEDDATE) VALUES ("ROLE_USER_MANAGER", 1, "SYSTEM", '2020-10-11 17:17:17', "SYSTEM", '2020-10-11 17:17:17');
INSERT INTO ROLE (NAME, STATUS, CREATEDBY, CREATEDDATE, MODIFIEDBY, MODIFIEDDATE) VALUES ("ROLE_SUPPLIER", 1, "admin@wsolution.com", '2021-04-10 15:03:20', "admin@wsolution.com", '2021-04-10 15:03:20');
INSERT INTO ROLE (NAME, STATUS, CREATEDBY, CREATEDDATE, MODIFIEDBY, MODIFIEDDATE) VALUES ("ROLE_DELIVERY_EMPLOYEE", 1, "admin@wsolution.com", '2021-04-10 15:03:20', "admin@wsolution.com", '2021-04-10 15:03:20');
INSERT INTO ROLE (NAME, STATUS, CREATEDBY, CREATEDDATE, MODIFIEDBY, MODIFIEDDATE) VALUES ("ROLE_FINANCIAL_MANAGER", 1, "admin@wsolution.com", '2021-04-10 15:03:20', "admin@wsolution.com", '2021-04-10 15:03:20');

INSERT INTO PRIVILEGE (ROLE_NAME, MODULE_ID, STATUS, CREATEDBY, CREATEDDATE, MODIFIEDBY, MODIFIEDDATE) VALUES ("ROLE_ADMIN",1, 1, "SYSTEM", '2020-10-11 17:17:17', "SYSTEM", '2020-10-11 17:17:17');
INSERT INTO PRIVILEGE (ROLE_NAME, MODULE_ID, STATUS, CREATEDBY, CREATEDDATE, MODIFIEDBY, MODIFIEDDATE) VALUES ("ROLE_ADMIN",2, 1, "SYSTEM", '2020-10-11 17:17:17', "SYSTEM", '2020-10-11 17:17:17');
INSERT INTO PRIVILEGE (ROLE_NAME, MODULE_ID, STATUS, CREATEDBY, CREATEDDATE, MODIFIEDBY, MODIFIEDDATE) VALUES ("ROLE_ADMIN",3, 1, "SYSTEM", '2020-10-11 17:17:17', "SYSTEM", '2020-10-11 17:17:17');
INSERT INTO PRIVILEGE (ROLE_NAME, MODULE_ID, STATUS, CREATEDBY, CREATEDDATE, MODIFIEDBY, MODIFIEDDATE) VALUES ("ROLE_ADMIN",4, 1, "SYSTEM", '2020-10-11 17:17:17', "SYSTEM", '2020-10-11 17:17:17');
INSERT INTO PRIVILEGE (ROLE_NAME, MODULE_ID, STATUS, CREATEDBY, CREATEDDATE, MODIFIEDBY, MODIFIEDDATE) VALUES ("ROLE_ADMIN",5, 1, "SYSTEM", '2020-10-11 17:17:17', "SYSTEM", '2020-10-11 17:17:17');
INSERT INTO PRIVILEGE (ROLE_NAME, MODULE_ID, STATUS, CREATEDBY, CREATEDDATE, MODIFIEDBY, MODIFIEDDATE) VALUES ("ROLE_ADMIN",6, 1, "SYSTEM", '2020-10-11 17:17:17', "SYSTEM", '2020-10-11 17:17:17');
INSERT INTO PRIVILEGE (ROLE_NAME, MODULE_ID, STATUS, CREATEDBY, CREATEDDATE, MODIFIEDBY, MODIFIEDDATE) VALUES ("ROLE_ADMIN",7, 1, "SYSTEM", '2020-10-11 17:17:17', "SYSTEM", '2020-10-11 17:17:17');
INSERT INTO PRIVILEGE (ROLE_NAME, MODULE_ID, STATUS, CREATEDBY, CREATEDDATE, MODIFIEDBY, MODIFIEDDATE) VALUES ("ROLE_ADMIN",8, 1, "SYSTEM", '2020-10-11 17:17:17', "SYSTEM", '2020-10-11 17:17:17');
INSERT INTO PRIVILEGE (ROLE_NAME, MODULE_ID, STATUS, CREATEDBY, CREATEDDATE, MODIFIEDBY, MODIFIEDDATE) VALUES ("ROLE_ADMIN",9, 1, "SYSTEM", '2020-10-11 17:17:17', "SYSTEM", '2020-10-11 17:17:17');
INSERT INTO PRIVILEGE (ROLE_NAME, MODULE_ID, STATUS, CREATEDBY, CREATEDDATE, MODIFIEDBY, MODIFIEDDATE) VALUES ("ROLE_ADMIN",10, 1, "SYSTEM", '2020-10-11 17:17:17', "SYSTEM", '2020-10-11 17:17:17');
INSERT INTO PRIVILEGE (ROLE_NAME, MODULE_ID, STATUS, CREATEDBY, CREATEDDATE, MODIFIEDBY, MODIFIEDDATE) VALUES ("ROLE_ADMIN",11, 1, "SYSTEM", '2020-10-11 17:17:17', "SYSTEM", '2020-10-11 17:17:17');
INSERT INTO PRIVILEGE (ROLE_NAME, MODULE_ID, STATUS, CREATEDBY, CREATEDDATE, MODIFIEDBY, MODIFIEDDATE) VALUES ("ROLE_ADMIN",12, 1, "SYSTEM", '2020-10-11 17:17:17', "SYSTEM", '2020-10-11 17:17:17');
INSERT INTO PRIVILEGE (ROLE_NAME, MODULE_ID, STATUS, CREATEDBY, CREATEDDATE, MODIFIEDBY, MODIFIEDDATE) VALUES ("ROLE_ADMIN",13, 1, "SYSTEM", '2020-10-11 17:17:17', "SYSTEM", '2020-10-11 17:17:17');
INSERT INTO PRIVILEGE (ROLE_NAME, MODULE_ID, STATUS, CREATEDBY, CREATEDDATE, MODIFIEDBY, MODIFIEDDATE) VALUES ("ROLE_ADMIN",14, 1, "SYSTEM", '2020-10-11 17:17:17', "SYSTEM", '2020-10-11 17:17:17');
INSERT INTO PRIVILEGE (ROLE_NAME, MODULE_ID, STATUS, CREATEDBY, CREATEDDATE, MODIFIEDBY, MODIFIEDDATE) VALUES ("ROLE_ADMIN",15, 1, "SYSTEM", '2020-10-11 17:17:17', "SYSTEM", '2020-10-11 17:17:17');
INSERT INTO PRIVILEGE (ROLE_NAME, MODULE_ID, STATUS, CREATEDBY, CREATEDDATE, MODIFIEDBY, MODIFIEDDATE) VALUES ("ROLE_ADMIN",16, 1, "SYSTEM", '2020-10-11 17:17:17', "SYSTEM", '2020-10-11 17:17:17');
INSERT INTO PRIVILEGE (ROLE_NAME, MODULE_ID, STATUS, CREATEDBY, CREATEDDATE, MODIFIEDBY, MODIFIEDDATE) VALUES ("ROLE_ADMIN",17, 1, "SYSTEM", '2020-10-11 17:17:17', "SYSTEM", '2020-10-11 17:17:17');
INSERT INTO PRIVILEGE (ROLE_NAME, MODULE_ID, STATUS, CREATEDBY, CREATEDDATE, MODIFIEDBY, MODIFIEDDATE) VALUES ("ROLE_ADMIN",18, 1, "SYSTEM", '2020-10-11 17:17:17', "SYSTEM", '2020-10-11 17:17:17');
INSERT INTO PRIVILEGE (ROLE_NAME, MODULE_ID, STATUS, CREATEDBY, CREATEDDATE, MODIFIEDBY, MODIFIEDDATE) VALUES ("ROLE_ADMIN",19, 1, "SYSTEM", '2020-10-11 17:17:17', "SYSTEM", '2020-10-11 17:17:17');
INSERT INTO PRIVILEGE (ROLE_NAME, MODULE_ID, STATUS, CREATEDBY, CREATEDDATE, MODIFIEDBY, MODIFIEDDATE) VALUES ("ROLE_ADMIN",20, 1, "SYSTEM", '2020-10-11 17:17:17', "SYSTEM", '2020-10-11 17:17:17');
INSERT INTO PRIVILEGE (ROLE_NAME, MODULE_ID, STATUS, CREATEDBY, CREATEDDATE, MODIFIEDBY, MODIFIEDDATE) VALUES ("ROLE_ADMIN",21, 1, "SYSTEM", '2020-10-11 17:17:17', "SYSTEM", '2020-10-11 17:17:17');
INSERT INTO PRIVILEGE (ROLE_NAME, MODULE_ID, STATUS, CREATEDBY, CREATEDDATE, MODIFIEDBY, MODIFIEDDATE) VALUES ("ROLE_ADMIN",23, 1, "SYSTEM", '2020-10-11 17:17:17', "SYSTEM", '2020-10-11 17:17:17');
INSERT INTO PRIVILEGE (ROLE_NAME, MODULE_ID, STATUS, CREATEDBY, CREATEDDATE, MODIFIEDBY, MODIFIEDDATE) VALUES ("ROLE_ADMIN",24, 1, "SYSTEM", '2020-10-11 17:17:17', "SYSTEM", '2020-10-11 17:17:17');
INSERT INTO PRIVILEGE (ROLE_NAME, MODULE_ID, STATUS, CREATEDBY, CREATEDDATE, MODIFIEDBY, MODIFIEDDATE) VALUES ("ROLE_ADMIN",25, 1, "SYSTEM", '2020-10-11 17:17:17', "SYSTEM", '2020-10-11 17:17:17');
INSERT INTO PRIVILEGE (ROLE_NAME, MODULE_ID, STATUS, CREATEDBY, CREATEDDATE, MODIFIEDBY, MODIFIEDDATE) VALUES ("ROLE_ADMIN",26, 1, "SYSTEM", '2020-10-11 17:17:17', "SYSTEM", '2020-10-11 17:17:17');
INSERT INTO PRIVILEGE (ROLE_NAME, MODULE_ID, STATUS, CREATEDBY, CREATEDDATE, MODIFIEDBY, MODIFIEDDATE) VALUES ("ROLE_ADMIN",27, 1, "SYSTEM", '2020-10-11 17:17:17', "SYSTEM", '2020-10-11 17:17:17');
INSERT INTO PRIVILEGE (ROLE_NAME, MODULE_ID, STATUS, CREATEDBY, CREATEDDATE, MODIFIEDBY, MODIFIEDDATE) VALUES ("ROLE_ADMIN",28, 1, "SYSTEM", '2020-10-11 17:17:17', "SYSTEM", '2020-10-11 17:17:17');
INSERT INTO PRIVILEGE (ROLE_NAME, MODULE_ID, STATUS, CREATEDBY, CREATEDDATE, MODIFIEDBY, MODIFIEDDATE) VALUES ("ROLE_ADMIN",29, 1, "SYSTEM", '2020-10-11 17:17:17', "SYSTEM", '2020-10-11 17:17:17');
INSERT INTO PRIVILEGE (ROLE_NAME, MODULE_ID, STATUS, CREATEDBY, CREATEDDATE, MODIFIEDBY, MODIFIEDDATE) VALUES ("ROLE_ADMIN",30, 1, "SYSTEM", '2020-10-11 17:17:17', "SYSTEM", '2020-10-11 17:17:17');
INSERT INTO PRIVILEGE (ROLE_NAME, MODULE_ID, STATUS, CREATEDBY, CREATEDDATE, MODIFIEDBY, MODIFIEDDATE) VALUES ("ROLE_ADMIN",31, 1, "SYSTEM", '2020-10-11 17:17:17', "SYSTEM", '2020-10-11 17:17:17');
INSERT INTO PRIVILEGE (ROLE_NAME, MODULE_ID, STATUS, CREATEDBY, CREATEDDATE, MODIFIEDBY, MODIFIEDDATE) VALUES ("ROLE_ADMIN",32, 1, "SYSTEM", '2020-10-11 17:17:17', "SYSTEM", '2020-10-11 17:17:17');
INSERT INTO PRIVILEGE (ROLE_NAME, MODULE_ID, STATUS, CREATEDBY, CREATEDDATE, MODIFIEDBY, MODIFIEDDATE) VALUES ("ROLE_ADMIN",33, 1, "SYSTEM", '2020-10-11 17:17:17', "SYSTEM", '2020-10-11 17:17:17');
INSERT INTO PRIVILEGE (ROLE_NAME, MODULE_ID, STATUS, CREATEDBY, CREATEDDATE, MODIFIEDBY, MODIFIEDDATE) VALUES ("ROLE_ADMIN",34, 1, "SYSTEM", '2020-10-11 17:17:17', "SYSTEM", '2020-10-11 17:17:17');
INSERT INTO PRIVILEGE (ROLE_NAME, MODULE_ID, STATUS, CREATEDBY, CREATEDDATE, MODIFIEDBY, MODIFIEDDATE) VALUES ("ROLE_ADMIN",35, 1, "SYSTEM", '2020-10-11 17:17:17', "SYSTEM", '2020-10-11 17:17:17');
INSERT INTO PRIVILEGE (ROLE_NAME, MODULE_ID, STATUS, CREATEDBY, CREATEDDATE, MODIFIEDBY, MODIFIEDDATE) VALUES ("ROLE_ADMIN",36, 1, "SYSTEM", '2020-10-11 17:17:17', "SYSTEM", '2020-10-11 17:17:17');
INSERT INTO PRIVILEGE (ROLE_NAME, MODULE_ID, STATUS, CREATEDBY, CREATEDDATE, MODIFIEDBY, MODIFIEDDATE) VALUES ("ROLE_ADMIN",37, 1, "SYSTEM", '2020-10-11 17:17:17', "SYSTEM", '2020-10-11 17:17:17');
INSERT INTO PRIVILEGE (ROLE_NAME, MODULE_ID, STATUS, CREATEDBY, CREATEDDATE, MODIFIEDBY, MODIFIEDDATE) VALUES ("ROLE_ADMIN",38, 1, "SYSTEM", '2020-10-11 17:17:17', "SYSTEM", '2020-10-11 17:17:17');
INSERT INTO PRIVILEGE (ROLE_NAME, MODULE_ID, STATUS, CREATEDBY, CREATEDDATE, MODIFIEDBY, MODIFIEDDATE) VALUES ("ROLE_ADMIN",39, 1, "SYSTEM", '2020-10-11 17:17:17', "SYSTEM", '2020-10-11 17:17:17');
INSERT INTO PRIVILEGE (ROLE_NAME, MODULE_ID, STATUS, CREATEDBY, CREATEDDATE, MODIFIEDBY, MODIFIEDDATE) VALUES ("ROLE_ADMIN",40, 1, "SYSTEM", '2020-10-11 17:17:17', "SYSTEM", '2020-10-11 17:17:17');
INSERT INTO PRIVILEGE (ROLE_NAME, MODULE_ID, STATUS, CREATEDBY, CREATEDDATE, MODIFIEDBY, MODIFIEDDATE) VALUES ("ROLE_ADMIN",41, 1, "SYSTEM", '2020-10-11 17:17:17', "SYSTEM", '2020-10-11 17:17:17');
INSERT INTO PRIVILEGE (ROLE_NAME, MODULE_ID, STATUS, CREATEDBY, CREATEDDATE, MODIFIEDBY, MODIFIEDDATE) VALUES ("ROLE_ADMIN",42, 1, "SYSTEM", '2020-10-11 17:17:17', "SYSTEM", '2020-10-11 17:17:17');
INSERT INTO PRIVILEGE (ROLE_NAME, MODULE_ID, STATUS, CREATEDBY, CREATEDDATE, MODIFIEDBY, MODIFIEDDATE) VALUES ("ROLE_ADMIN",43, 1, "SYSTEM", '2020-10-11 17:17:17', "SYSTEM", '2020-10-11 17:17:17');
INSERT INTO PRIVILEGE (ROLE_NAME, MODULE_ID, STATUS, CREATEDBY, CREATEDDATE, MODIFIEDBY, MODIFIEDDATE) VALUES ("ROLE_ADMIN",44, 1, "SYSTEM", '2020-10-11 17:17:17', "SYSTEM", '2020-10-11 17:17:17');
INSERT INTO PRIVILEGE (ROLE_NAME, MODULE_ID, STATUS, CREATEDBY, CREATEDDATE, MODIFIEDBY, MODIFIEDDATE) VALUES ("ROLE_ADMIN",45, 1, "SYSTEM", '2020-10-11 17:17:17', "SYSTEM", '2020-10-11 17:17:17');
INSERT INTO PRIVILEGE (ROLE_NAME, MODULE_ID, STATUS, CREATEDBY, CREATEDDATE, MODIFIEDBY, MODIFIEDDATE) VALUES ("ROLE_ADMIN",46, 1, "SYSTEM", '2020-10-11 17:17:17', "SYSTEM", '2020-10-11 17:17:17');
INSERT INTO PRIVILEGE (ROLE_NAME, MODULE_ID, STATUS, CREATEDBY, CREATEDDATE, MODIFIEDBY, MODIFIEDDATE) VALUES ("ROLE_ADMIN",47, 1, "SYSTEM", '2020-10-11 17:17:17', "SYSTEM", '2020-10-11 17:17:17');
INSERT INTO PRIVILEGE (ROLE_NAME, MODULE_ID, STATUS, CREATEDBY, CREATEDDATE, MODIFIEDBY, MODIFIEDDATE) VALUES ("ROLE_ADMIN",48, 1, "SYSTEM", '2020-10-11 17:17:17', "SYSTEM", '2020-10-11 17:17:17');
INSERT INTO PRIVILEGE (ROLE_NAME, MODULE_ID, STATUS, CREATEDBY, CREATEDDATE, MODIFIEDBY, MODIFIEDDATE) VALUES ("ROLE_ADMIN",49, 1, "SYSTEM", '2020-10-11 17:17:17', "SYSTEM", '2020-10-11 17:17:17');
INSERT INTO PRIVILEGE (ROLE_NAME, MODULE_ID, STATUS, CREATEDBY, CREATEDDATE, MODIFIEDBY, MODIFIEDDATE) VALUES ("ROLE_ADMIN",50, 1, "SYSTEM", '2020-10-11 17:17:17', "SYSTEM", '2020-10-11 17:17:17');
INSERT INTO PRIVILEGE (ROLE_NAME, MODULE_ID, STATUS, CREATEDBY, CREATEDDATE, MODIFIEDBY, MODIFIEDDATE) VALUES ("ROLE_ADMIN",51, 1, "SYSTEM", '2020-10-11 17:17:17', "SYSTEM", '2020-10-11 17:17:17');
INSERT INTO PRIVILEGE (ROLE_NAME, MODULE_ID, STATUS, CREATEDBY, CREATEDDATE, MODIFIEDBY, MODIFIEDDATE) VALUES ("ROLE_ADMIN",52, 1, "SYSTEM", '2020-10-11 17:17:17', "SYSTEM", '2020-10-11 17:17:17');
INSERT INTO PRIVILEGE (ROLE_NAME, MODULE_ID, STATUS, CREATEDBY, CREATEDDATE, MODIFIEDBY, MODIFIEDDATE) VALUES ("ROLE_ADMIN",53, 1, "SYSTEM", '2020-10-11 17:17:17', "SYSTEM", '2020-10-11 17:17:17');
INSERT INTO PRIVILEGE (ROLE_NAME, MODULE_ID, STATUS, CREATEDBY, CREATEDDATE, MODIFIEDBY, MODIFIEDDATE) VALUES ("ROLE_ADMIN",54, 1, "SYSTEM", '2020-10-11 17:17:17', "SYSTEM", '2020-10-11 17:17:17');
INSERT INTO PRIVILEGE (ROLE_NAME, MODULE_ID, STATUS, CREATEDBY, CREATEDDATE, MODIFIEDBY, MODIFIEDDATE) VALUES ("ROLE_ADMIN",55, 1, "SYSTEM", '2020-10-11 17:17:17', "SYSTEM", '2020-10-11 17:17:17');
INSERT INTO PRIVILEGE (ROLE_NAME, MODULE_ID, STATUS, CREATEDBY, CREATEDDATE, MODIFIEDBY, MODIFIEDDATE) VALUES ("ROLE_ADMIN",56, 1, "SYSTEM", '2020-10-11 17:17:17', "SYSTEM", '2020-10-11 17:17:17');
INSERT INTO PRIVILEGE (ROLE_NAME, MODULE_ID, STATUS, CREATEDBY, CREATEDDATE, MODIFIEDBY, MODIFIEDDATE) VALUES ("ROLE_ADMIN",57, 1, "SYSTEM", '2020-10-11 17:17:17', "SYSTEM", '2020-10-11 17:17:17');
INSERT INTO PRIVILEGE (ROLE_NAME, MODULE_ID, STATUS, CREATEDBY, CREATEDDATE, MODIFIEDBY, MODIFIEDDATE) VALUES ("ROLE_ADMIN",58, 1, "SYSTEM", '2020-10-11 17:17:17', "SYSTEM", '2020-10-11 17:17:17');
INSERT INTO PRIVILEGE (ROLE_NAME, MODULE_ID, STATUS, CREATEDBY, CREATEDDATE, MODIFIEDBY, MODIFIEDDATE) VALUES ("ROLE_ADMIN",59, 1, "SYSTEM", '2020-10-11 17:17:17', "SYSTEM", '2020-10-11 17:17:17');
INSERT INTO PRIVILEGE (ROLE_NAME, MODULE_ID, STATUS, CREATEDBY, CREATEDDATE, MODIFIEDBY, MODIFIEDDATE) VALUES ("ROLE_ADMIN",60, 1, "SYSTEM", '2020-10-11 17:17:17', "SYSTEM", '2020-10-11 17:17:17');
INSERT INTO PRIVILEGE (ROLE_NAME, MODULE_ID, STATUS, CREATEDBY, CREATEDDATE, MODIFIEDBY, MODIFIEDDATE) VALUES ("ROLE_ADMIN",61, 1, "SYSTEM", '2020-10-11 17:17:17', "SYSTEM", '2020-10-11 17:17:17');
INSERT INTO PRIVILEGE (ROLE_NAME, MODULE_ID, STATUS, CREATEDBY, CREATEDDATE, MODIFIEDBY, MODIFIEDDATE) VALUES ("ROLE_ADMIN",62, 1, "SYSTEM", '2020-10-11 17:17:17', "SYSTEM", '2020-10-11 17:17:17');
INSERT INTO PRIVILEGE (ROLE_NAME, MODULE_ID, STATUS, CREATEDBY, CREATEDDATE, MODIFIEDBY, MODIFIEDDATE) VALUES ("ROLE_ADMIN",63, 1, "SYSTEM", '2020-10-11 17:17:17', "SYSTEM", '2020-10-11 17:17:17');
INSERT INTO PRIVILEGE (ROLE_NAME, MODULE_ID, STATUS, CREATEDBY, CREATEDDATE, MODIFIEDBY, MODIFIEDDATE) VALUES ("ROLE_ADMIN",64, 1, "SYSTEM", '2020-10-11 17:17:17', "SYSTEM", '2020-10-11 17:17:17');

INSERT INTO PRIVILEGE (ROLE_NAME, MODULE_ID, STATUS, CREATEDBY, CREATEDDATE, MODIFIEDBY, MODIFIEDDATE) VALUES ("ROLE_CUSTOMER",1, 1, "SYSTEM", '2020-10-11 17:17:17', "SYSTEM", '2020-10-11 17:17:17');
INSERT INTO PRIVILEGE (ROLE_NAME, MODULE_ID, STATUS, CREATEDBY, CREATEDDATE, MODIFIEDBY, MODIFIEDDATE) VALUES ("ROLE_CUSTOMER",30, 1, "SYSTEM", '2020-10-11 17:17:17', "SYSTEM", '2020-10-11 17:17:17');
INSERT INTO PRIVILEGE (ROLE_NAME, MODULE_ID, STATUS, CREATEDBY, CREATEDDATE, MODIFIEDBY, MODIFIEDDATE) VALUES ("ROLE_CUSTOMER",31, 1, "SYSTEM", '2020-10-11 17:17:17', "SYSTEM", '2020-10-11 17:17:17');
INSERT INTO PRIVILEGE (ROLE_NAME, MODULE_ID, STATUS, CREATEDBY, CREATEDDATE, MODIFIEDBY, MODIFIEDDATE) VALUES ("ROLE_CUSTOMER",32, 1, "SYSTEM", '2020-10-11 17:17:17', "SYSTEM", '2020-10-11 17:17:17');
INSERT INTO PRIVILEGE (ROLE_NAME, MODULE_ID, STATUS, CREATEDBY, CREATEDDATE, MODIFIEDBY, MODIFIEDDATE) VALUES ("ROLE_CUSTOMER",48, 1, "SYSTEM", '2020-10-11 17:17:17', "SYSTEM", '2020-10-11 17:17:17');
INSERT INTO PRIVILEGE (ROLE_NAME, MODULE_ID, STATUS, CREATEDBY, CREATEDDATE, MODIFIEDBY, MODIFIEDDATE) VALUES ("ROLE_CUSTOMER",54, 1, "SYSTEM", '2020-10-11 17:17:17', "SYSTEM", '2020-10-11 17:17:17');
INSERT INTO PRIVILEGE (ROLE_NAME, MODULE_ID, STATUS, CREATEDBY, CREATEDDATE, MODIFIEDBY, MODIFIEDDATE) VALUES ("ROLE_CUSTOMER",56, 1, "SYSTEM", '2020-10-11 17:17:17', "SYSTEM", '2020-10-11 17:17:17');
INSERT INTO PRIVILEGE (ROLE_NAME, MODULE_ID, STATUS, CREATEDBY, CREATEDDATE, MODIFIEDBY, MODIFIEDDATE) VALUES ("ROLE_CUSTOMER",49, 1, "SYSTEM", '2020-10-11 17:17:17', "SYSTEM", '2020-10-11 17:17:17');
INSERT INTO PRIVILEGE (ROLE_NAME, MODULE_ID, STATUS, CREATEDBY, CREATEDDATE, MODIFIEDBY, MODIFIEDDATE) VALUES ("ROLE_CUSTOMER",64, 1, "SYSTEM", '2020-10-11 17:17:17', "SYSTEM", '2020-10-11 17:17:17');


INSERT INTO PRIVILEGE (ROLE_NAME, MODULE_ID, STATUS, CREATEDBY, CREATEDDATE, MODIFIEDBY, MODIFIEDDATE) VALUES ("ROLE_STOCK_MANAGER",1, 1, "SYSTEM", '2020-10-11 17:17:17', "SYSTEM", '2020-10-11 17:17:17');
INSERT INTO PRIVILEGE (ROLE_NAME, MODULE_ID, STATUS, CREATEDBY, CREATEDDATE, MODIFIEDBY, MODIFIEDDATE) VALUES ("ROLE_STOCK_MANAGER",19, 1, "SYSTEM", '2020-10-11 17:17:17', "SYSTEM", '2020-10-11 17:17:17');
INSERT INTO PRIVILEGE (ROLE_NAME, MODULE_ID, STATUS, CREATEDBY, CREATEDDATE, MODIFIEDBY, MODIFIEDDATE) VALUES ("ROLE_STOCK_MANAGER",20, 1, "SYSTEM", '2020-10-11 17:17:17', "SYSTEM", '2020-10-11 17:17:17');
INSERT INTO PRIVILEGE (ROLE_NAME, MODULE_ID, STATUS, CREATEDBY, CREATEDDATE, MODIFIEDBY, MODIFIEDDATE) VALUES ("ROLE_STOCK_MANAGER",21, 1, "SYSTEM", '2020-10-11 17:17:17', "SYSTEM", '2020-10-11 17:17:17');
INSERT INTO PRIVILEGE (ROLE_NAME, MODULE_ID, STATUS, CREATEDBY, CREATEDDATE, MODIFIEDBY, MODIFIEDDATE) VALUES ("ROLE_STOCK_MANAGER",23, 1, "SYSTEM", '2020-10-11 17:17:17', "SYSTEM", '2020-10-11 17:17:17');
INSERT INTO PRIVILEGE (ROLE_NAME, MODULE_ID, STATUS, CREATEDBY, CREATEDDATE, MODIFIEDBY, MODIFIEDDATE) VALUES ("ROLE_STOCK_MANAGER",24, 1, "SYSTEM", '2020-10-11 17:17:17', "SYSTEM", '2020-10-11 17:17:17');
INSERT INTO PRIVILEGE (ROLE_NAME, MODULE_ID, STATUS, CREATEDBY, CREATEDDATE, MODIFIEDBY, MODIFIEDDATE) VALUES ("ROLE_STOCK_MANAGER",25, 1, "SYSTEM", '2020-10-11 17:17:17', "SYSTEM", '2020-10-11 17:17:17');
INSERT INTO PRIVILEGE (ROLE_NAME, MODULE_ID, STATUS, CREATEDBY, CREATEDDATE, MODIFIEDBY, MODIFIEDDATE) VALUES ("ROLE_STOCK_MANAGER",26, 1, "SYSTEM", '2020-10-11 17:17:17', "SYSTEM", '2020-10-11 17:17:17');
INSERT INTO PRIVILEGE (ROLE_NAME, MODULE_ID, STATUS, CREATEDBY, CREATEDDATE, MODIFIEDBY, MODIFIEDDATE) VALUES ("ROLE_STOCK_MANAGER",27, 1, "SYSTEM", '2020-10-11 17:17:17', "SYSTEM", '2020-10-11 17:17:17');
INSERT INTO PRIVILEGE (ROLE_NAME, MODULE_ID, STATUS, CREATEDBY, CREATEDDATE, MODIFIEDBY, MODIFIEDDATE) VALUES ("ROLE_STOCK_MANAGER",30, 1, "SYSTEM", '2020-10-11 17:17:17', "SYSTEM", '2020-10-11 17:17:17');
INSERT INTO PRIVILEGE (ROLE_NAME, MODULE_ID, STATUS, CREATEDBY, CREATEDDATE, MODIFIEDBY, MODIFIEDDATE) VALUES ("ROLE_STOCK_MANAGER",31, 1, "SYSTEM", '2020-10-11 17:17:17', "SYSTEM", '2020-10-11 17:17:17');
INSERT INTO PRIVILEGE (ROLE_NAME, MODULE_ID, STATUS, CREATEDBY, CREATEDDATE, MODIFIEDBY, MODIFIEDDATE) VALUES ("ROLE_STOCK_MANAGER",33, 1, "SYSTEM", '2020-10-11 17:17:17', "SYSTEM", '2020-10-11 17:17:17');
INSERT INTO PRIVILEGE (ROLE_NAME, MODULE_ID, STATUS, CREATEDBY, CREATEDDATE, MODIFIEDBY, MODIFIEDDATE) VALUES ("ROLE_STOCK_MANAGER",34, 1, "SYSTEM", '2020-10-11 17:17:17', "SYSTEM", '2020-10-11 17:17:17');
INSERT INTO PRIVILEGE (ROLE_NAME, MODULE_ID, STATUS, CREATEDBY, CREATEDDATE, MODIFIEDBY, MODIFIEDDATE) VALUES ("ROLE_STOCK_MANAGER",36, 1, "SYSTEM", '2020-10-11 17:17:17', "SYSTEM", '2020-10-11 17:17:17');
INSERT INTO PRIVILEGE (ROLE_NAME, MODULE_ID, STATUS, CREATEDBY, CREATEDDATE, MODIFIEDBY, MODIFIEDDATE) VALUES ("ROLE_STOCK_MANAGER",37, 1, "SYSTEM", '2020-10-11 17:17:17', "SYSTEM", '2020-10-11 17:17:17');
INSERT INTO PRIVILEGE (ROLE_NAME, MODULE_ID, STATUS, CREATEDBY, CREATEDDATE, MODIFIEDBY, MODIFIEDDATE) VALUES ("ROLE_STOCK_MANAGER",38, 1, "SYSTEM", '2020-10-11 17:17:17', "SYSTEM", '2020-10-11 17:17:17');
INSERT INTO PRIVILEGE (ROLE_NAME, MODULE_ID, STATUS, CREATEDBY, CREATEDDATE, MODIFIEDBY, MODIFIEDDATE) VALUES ("ROLE_STOCK_MANAGER",39, 1, "SYSTEM", '2020-10-11 17:17:17', "SYSTEM", '2020-10-11 17:17:17');
INSERT INTO PRIVILEGE (ROLE_NAME, MODULE_ID, STATUS, CREATEDBY, CREATEDDATE, MODIFIEDBY, MODIFIEDDATE) VALUES ("ROLE_STOCK_MANAGER",40, 1, "SYSTEM", '2020-10-11 17:17:17', "SYSTEM", '2020-10-11 17:17:17');
INSERT INTO PRIVILEGE (ROLE_NAME, MODULE_ID, STATUS, CREATEDBY, CREATEDDATE, MODIFIEDBY, MODIFIEDDATE) VALUES ("ROLE_STOCK_MANAGER",41, 1, "SYSTEM", '2020-10-11 17:17:17', "SYSTEM", '2020-10-11 17:17:17');
INSERT INTO PRIVILEGE (ROLE_NAME, MODULE_ID, STATUS, CREATEDBY, CREATEDDATE, MODIFIEDBY, MODIFIEDDATE) VALUES ("ROLE_STOCK_MANAGER",49, 1, "SYSTEM", '2020-10-11 17:17:17', "SYSTEM", '2020-10-11 17:17:17');
INSERT INTO PRIVILEGE (ROLE_NAME, MODULE_ID, STATUS, CREATEDBY, CREATEDDATE, MODIFIEDBY, MODIFIEDDATE) VALUES ("ROLE_STOCK_MANAGER",50, 1, "SYSTEM", '2020-10-11 17:17:17', "SYSTEM", '2020-10-11 17:17:17');
INSERT INTO PRIVILEGE (ROLE_NAME, MODULE_ID, STATUS, CREATEDBY, CREATEDDATE, MODIFIEDBY, MODIFIEDDATE) VALUES ("ROLE_STOCK_MANAGER",51, 1, "SYSTEM", '2020-10-11 17:17:17', "SYSTEM", '2020-10-11 17:17:17');
INSERT INTO PRIVILEGE (ROLE_NAME, MODULE_ID, STATUS, CREATEDBY, CREATEDDATE, MODIFIEDBY, MODIFIEDDATE) VALUES ("ROLE_STOCK_MANAGER",54, 1, "SYSTEM", '2020-10-11 17:17:17', "SYSTEM", '2020-10-11 17:17:17');
INSERT INTO PRIVILEGE (ROLE_NAME, MODULE_ID, STATUS, CREATEDBY, CREATEDDATE, MODIFIEDBY, MODIFIEDDATE) VALUES ("ROLE_STOCK_MANAGER",56, 1, "SYSTEM", '2020-10-11 17:17:17', "SYSTEM", '2020-10-11 17:17:17');
INSERT INTO PRIVILEGE (ROLE_NAME, MODULE_ID, STATUS, CREATEDBY, CREATEDDATE, MODIFIEDBY, MODIFIEDDATE) VALUES ("ROLE_STOCK_MANAGER",59, 1, "SYSTEM", '2020-10-11 17:17:17', "SYSTEM", '2020-10-11 17:17:17');
INSERT INTO PRIVILEGE (ROLE_NAME, MODULE_ID, STATUS, CREATEDBY, CREATEDDATE, MODIFIEDBY, MODIFIEDDATE) VALUES ("ROLE_STOCK_MANAGER",62, 1, "SYSTEM", '2020-10-11 17:17:17', "SYSTEM", '2020-10-11 17:17:17');
INSERT INTO PRIVILEGE (ROLE_NAME, MODULE_ID, STATUS, CREATEDBY, CREATEDDATE, MODIFIEDBY, MODIFIEDDATE) VALUES ("ROLE_STOCK_MANAGER",63, 1, "SYSTEM", '2020-10-11 17:17:17', "SYSTEM", '2020-10-11 17:17:17');

INSERT INTO PRIVILEGE (ROLE_NAME, MODULE_ID, STATUS, CREATEDBY, CREATEDDATE, MODIFIEDBY, MODIFIEDDATE) VALUES ("ROLE_USER_MANAGER",1, 1, "SYSTEM", '2020-10-11 17:17:17', "SYSTEM", '2020-10-11 17:17:17');
INSERT INTO PRIVILEGE (ROLE_NAME, MODULE_ID, STATUS, CREATEDBY, CREATEDDATE, MODIFIEDBY, MODIFIEDDATE) VALUES ("ROLE_USER_MANAGER",2, 1, "SYSTEM", '2020-10-11 17:17:17', "SYSTEM", '2020-10-11 17:17:17');
INSERT INTO PRIVILEGE (ROLE_NAME, MODULE_ID, STATUS, CREATEDBY, CREATEDDATE, MODIFIEDBY, MODIFIEDDATE) VALUES ("ROLE_USER_MANAGER",3, 1, "SYSTEM", '2020-10-11 17:17:17', "SYSTEM", '2020-10-11 17:17:17');
INSERT INTO PRIVILEGE (ROLE_NAME, MODULE_ID, STATUS, CREATEDBY, CREATEDDATE, MODIFIEDBY, MODIFIEDDATE) VALUES ("ROLE_USER_MANAGER",4, 1, "SYSTEM", '2020-10-11 17:17:17', "SYSTEM", '2020-10-11 17:17:17');
INSERT INTO PRIVILEGE (ROLE_NAME, MODULE_ID, STATUS, CREATEDBY, CREATEDDATE, MODIFIEDBY, MODIFIEDDATE) VALUES ("ROLE_USER_MANAGER",5, 1, "SYSTEM", '2020-10-11 17:17:17', "SYSTEM", '2020-10-11 17:17:17');
INSERT INTO PRIVILEGE (ROLE_NAME, MODULE_ID, STATUS, CREATEDBY, CREATEDDATE, MODIFIEDBY, MODIFIEDDATE) VALUES ("ROLE_USER_MANAGER",6, 1, "SYSTEM", '2020-10-11 17:17:17', "SYSTEM", '2020-10-11 17:17:17');
INSERT INTO PRIVILEGE (ROLE_NAME, MODULE_ID, STATUS, CREATEDBY, CREATEDDATE, MODIFIEDBY, MODIFIEDDATE) VALUES ("ROLE_USER_MANAGER",7, 1, "SYSTEM", '2020-10-11 17:17:17', "SYSTEM", '2020-10-11 17:17:17');
INSERT INTO PRIVILEGE (ROLE_NAME, MODULE_ID, STATUS, CREATEDBY, CREATEDDATE, MODIFIEDBY, MODIFIEDDATE) VALUES ("ROLE_USER_MANAGER",8, 1, "SYSTEM", '2020-10-11 17:17:17', "SYSTEM", '2020-10-11 17:17:17');
INSERT INTO PRIVILEGE (ROLE_NAME, MODULE_ID, STATUS, CREATEDBY, CREATEDDATE, MODIFIEDBY, MODIFIEDDATE) VALUES ("ROLE_USER_MANAGER",9, 1, "SYSTEM", '2020-10-11 17:17:17', "SYSTEM", '2020-10-11 17:17:17');
INSERT INTO PRIVILEGE (ROLE_NAME, MODULE_ID, STATUS, CREATEDBY, CREATEDDATE, MODIFIEDBY, MODIFIEDDATE) VALUES ("ROLE_USER_MANAGER",10, 1, "SYSTEM", '2020-10-11 17:17:17', "SYSTEM", '2020-10-11 17:17:17');
INSERT INTO PRIVILEGE (ROLE_NAME, MODULE_ID, STATUS, CREATEDBY, CREATEDDATE, MODIFIEDBY, MODIFIEDDATE) VALUES ("ROLE_USER_MANAGER",14, 1, "SYSTEM", '2020-10-11 17:17:17', "SYSTEM", '2020-10-11 17:17:17');
INSERT INTO PRIVILEGE (ROLE_NAME, MODULE_ID, STATUS, CREATEDBY, CREATEDDATE, MODIFIEDBY, MODIFIEDDATE) VALUES ("ROLE_USER_MANAGER",15, 1, "SYSTEM", '2020-10-11 17:17:17', "SYSTEM", '2020-10-11 17:17:17');
INSERT INTO PRIVILEGE (ROLE_NAME, MODULE_ID, STATUS, CREATEDBY, CREATEDDATE, MODIFIEDBY, MODIFIEDDATE) VALUES ("ROLE_USER_MANAGER",16, 1, "SYSTEM", '2020-10-11 17:17:17', "SYSTEM", '2020-10-11 17:17:17');
INSERT INTO PRIVILEGE (ROLE_NAME, MODULE_ID, STATUS, CREATEDBY, CREATEDDATE, MODIFIEDBY, MODIFIEDDATE) VALUES ("ROLE_USER_MANAGER",17, 1, "SYSTEM", '2020-10-11 17:17:17', "SYSTEM", '2020-10-11 17:17:17');
INSERT INTO PRIVILEGE (ROLE_NAME, MODULE_ID, STATUS, CREATEDBY, CREATEDDATE, MODIFIEDBY, MODIFIEDDATE) VALUES ("ROLE_USER_MANAGER",18, 1, "SYSTEM", '2020-10-11 17:17:17', "SYSTEM", '2020-10-11 17:17:17');
INSERT INTO PRIVILEGE (ROLE_NAME, MODULE_ID, STATUS, CREATEDBY, CREATEDDATE, MODIFIEDBY, MODIFIEDDATE) VALUES ("ROLE_USER_MANAGER",54, 1, "SYSTEM", '2020-10-11 17:17:17', "SYSTEM", '2020-10-11 17:17:17');
INSERT INTO PRIVILEGE (ROLE_NAME, MODULE_ID, STATUS, CREATEDBY, CREATEDDATE, MODIFIEDBY, MODIFIEDDATE) VALUES ("ROLE_USER_MANAGER",56, 1, "SYSTEM", '2020-10-11 17:17:17', "SYSTEM", '2020-10-11 17:17:17');

INSERT INTO PRIVILEGE (ROLE_NAME, MODULE_ID, STATUS, CREATEDBY, CREATEDDATE, MODIFIEDBY, MODIFIEDDATE) VALUES ("ROLE_SUPPLIER",1, 1, "admin@wsolution.com", '2021-04-10 15:03:20', "admin@wsolution.com", '2021-04-10 15:03:20');
INSERT INTO PRIVILEGE (ROLE_NAME, MODULE_ID, STATUS, CREATEDBY, CREATEDDATE, MODIFIEDBY, MODIFIEDDATE) VALUES ("ROLE_SUPPLIER",33, 1, "admin@wsolution.com", '2021-04-10 15:03:20', "admin@wsolution.com", '2021-04-10 15:03:20');
INSERT INTO PRIVILEGE (ROLE_NAME, MODULE_ID, STATUS, CREATEDBY, CREATEDDATE, MODIFIEDBY, MODIFIEDDATE) VALUES ("ROLE_SUPPLIER",34, 1, "admin@wsolution.com", '2021-04-03 11:59:52', "admin@wsolution.com", '2021-04-10 15:03:20');
INSERT INTO PRIVILEGE (ROLE_NAME, MODULE_ID, STATUS, CREATEDBY, CREATEDDATE, MODIFIEDBY, MODIFIEDDATE) VALUES ("ROLE_SUPPLIER",39, 1, "admin@wsolution.com", '2021-04-10 15:03:20', "admin@wsolution.com", '2021-04-10 15:03:20');
INSERT INTO PRIVILEGE (ROLE_NAME, MODULE_ID, STATUS, CREATEDBY, CREATEDDATE, MODIFIEDBY, MODIFIEDDATE) VALUES ("ROLE_SUPPLIER",40, 1, "admin@wsolution.com", '2021-04-10 15:03:20', "admin@wsolution.com", '2021-04-10 15:03:20');
INSERT INTO PRIVILEGE (ROLE_NAME, MODULE_ID, STATUS, CREATEDBY, CREATEDDATE, MODIFIEDBY, MODIFIEDDATE) VALUES ("ROLE_SUPPLIER",42, 1, "admin@wsolution.com", '2021-04-10 15:03:20', "admin@wsolution.com", '2021-04-10 15:03:20');
INSERT INTO PRIVILEGE (ROLE_NAME, MODULE_ID, STATUS, CREATEDBY, CREATEDDATE, MODIFIEDBY, MODIFIEDDATE) VALUES ("ROLE_SUPPLIER",43, 1, "admin@wsolution.com", '2021-04-10 15:03:20', "admin@wsolution.com", '2021-04-10 15:03:20');
INSERT INTO PRIVILEGE (ROLE_NAME, MODULE_ID, STATUS, CREATEDBY, CREATEDDATE, MODIFIEDBY, MODIFIEDDATE) VALUES ("ROLE_SUPPLIER",54, 1, "admin@wsolution.com", '2021-04-10 15:03:20', "admin@wsolution.com", '2021-04-10 15:03:20');
INSERT INTO PRIVILEGE (ROLE_NAME, MODULE_ID, STATUS, CREATEDBY, CREATEDDATE, MODIFIEDBY, MODIFIEDDATE) VALUES ("ROLE_SUPPLIER",56, 1, "admin@wsolution.com", '2021-04-10 15:03:20', "admin@wsolution.com", '2021-04-10 15:03:20');

INSERT INTO PRIVILEGE (ROLE_NAME, MODULE_ID, STATUS, CREATEDBY, CREATEDDATE, MODIFIEDBY, MODIFIEDDATE) VALUES ("ROLE_DELIVERY_EMPLOYEE",1, 1, "admin@wsolution.com", '2021-04-10 15:03:20', "admin@wsolution.com", '2021-04-10 15:03:20');
INSERT INTO PRIVILEGE (ROLE_NAME, MODULE_ID, STATUS, CREATEDBY, CREATEDDATE, MODIFIEDBY, MODIFIEDDATE) VALUES ("ROLE_DELIVERY_EMPLOYEE",11, 1, "admin@wsolution.com", '2021-04-10 15:03:20', "admin@wsolution.com", '2021-04-10 15:03:20');
INSERT INTO PRIVILEGE (ROLE_NAME, MODULE_ID, STATUS, CREATEDBY, CREATEDDATE, MODIFIEDBY, MODIFIEDDATE) VALUES ("ROLE_DELIVERY_EMPLOYEE",12, 1, "admin@wsolution.com", '2021-04-10 15:03:20', "admin@wsolution.com", '2021-04-10 15:03:20');
INSERT INTO PRIVILEGE (ROLE_NAME, MODULE_ID, STATUS, CREATEDBY, CREATEDDATE, MODIFIEDBY, MODIFIEDDATE) VALUES ("ROLE_DELIVERY_EMPLOYEE",54, 1, "admin@wsolution.com", '2021-04-10 15:03:20', "admin@wsolution.com", '2021-04-10 15:03:20');
INSERT INTO PRIVILEGE (ROLE_NAME, MODULE_ID, STATUS, CREATEDBY, CREATEDDATE, MODIFIEDBY, MODIFIEDDATE) VALUES ("ROLE_DELIVERY_EMPLOYEE",56, 1, "admin@wsolution.com", '2021-04-10 15:03:20', "admin@wsolution.com", '2021-04-10 15:03:20');
INSERT INTO PRIVILEGE (ROLE_NAME, MODULE_ID, STATUS, CREATEDBY, CREATEDDATE, MODIFIEDBY, MODIFIEDDATE) VALUES ("ROLE_DELIVERY_EMPLOYEE",60, 1, "admin@wsolution.com", '2021-04-10 15:03:20', "admin@wsolution.com", '2021-04-10 15:03:20');
INSERT INTO PRIVILEGE (ROLE_NAME, MODULE_ID, STATUS, CREATEDBY, CREATEDDATE, MODIFIEDBY, MODIFIEDDATE) VALUES ("ROLE_DELIVERY_EMPLOYEE",61, 1, "admin@wsolution.com", '2021-04-10 15:03:20', "admin@wsolution.com", '2021-04-10 15:03:20');

INSERT INTO PRIVILEGE (ROLE_NAME, MODULE_ID, STATUS, CREATEDBY, CREATEDDATE, MODIFIEDBY, MODIFIEDDATE) VALUES ("ROLE_FINANCIAL_MANAGER",1, 1, "admin@wsolution.com", '2021-04-10 15:03:20', "admin@wsolution.com", '2021-04-10 15:03:20');
INSERT INTO PRIVILEGE (ROLE_NAME, MODULE_ID, STATUS, CREATEDBY, CREATEDDATE, MODIFIEDBY, MODIFIEDDATE) VALUES ("ROLE_FINANCIAL_MANAGER",2, 1, "admin@wsolution.com", '2021-04-10 15:03:20', "admin@wsolution.com", '2021-04-10 15:03:20');
INSERT INTO PRIVILEGE (ROLE_NAME, MODULE_ID, STATUS, CREATEDBY, CREATEDDATE, MODIFIEDBY, MODIFIEDDATE) VALUES ("ROLE_FINANCIAL_MANAGER",3, 1, "admin@wsolution.com", '2021-04-10 15:03:20', "admin@wsolution.com", '2021-04-10 15:03:20');
INSERT INTO PRIVILEGE (ROLE_NAME, MODULE_ID, STATUS, CREATEDBY, CREATEDDATE, MODIFIEDBY, MODIFIEDDATE) VALUES ("ROLE_FINANCIAL_MANAGER",5, 1, "admin@wsolution.com", '2021-04-10 15:03:20', "admin@wsolution.com", '2021-04-10 15:03:20');
INSERT INTO PRIVILEGE (ROLE_NAME, MODULE_ID, STATUS, CREATEDBY, CREATEDDATE, MODIFIEDBY, MODIFIEDDATE) VALUES ("ROLE_FINANCIAL_MANAGER",6, 1, "admin@wsolution.com", '2021-04-10 15:03:20', "admin@wsolution.com", '2021-04-10 15:03:20');
INSERT INTO PRIVILEGE (ROLE_NAME, MODULE_ID, STATUS, CREATEDBY, CREATEDDATE, MODIFIEDBY, MODIFIEDDATE) VALUES ("ROLE_FINANCIAL_MANAGER",8, 1, "admin@wsolution.com", '2021-04-10 15:03:20', "admin@wsolution.com", '2021-04-10 15:03:20');
INSERT INTO PRIVILEGE (ROLE_NAME, MODULE_ID, STATUS, CREATEDBY, CREATEDDATE, MODIFIEDBY, MODIFIEDDATE) VALUES ("ROLE_FINANCIAL_MANAGER",9, 1, "admin@wsolution.com", '2021-04-10 15:03:20', "admin@wsolution.com", '2021-04-10 15:03:20');
INSERT INTO PRIVILEGE (ROLE_NAME, MODULE_ID, STATUS, CREATEDBY, CREATEDDATE, MODIFIEDBY, MODIFIEDDATE) VALUES ("ROLE_FINANCIAL_MANAGER",19, 1, "admin@wsolution.com", '2021-04-10 15:03:20', "admin@wsolution.com", '2021-04-10 15:03:20');
INSERT INTO PRIVILEGE (ROLE_NAME, MODULE_ID, STATUS, CREATEDBY, CREATEDDATE, MODIFIEDBY, MODIFIEDDATE) VALUES ("ROLE_FINANCIAL_MANAGER",20, 1, "admin@wsolution.com", '2021-04-10 15:03:20', "admin@wsolution.com", '2021-04-10 15:03:20');
INSERT INTO PRIVILEGE (ROLE_NAME, MODULE_ID, STATUS, CREATEDBY, CREATEDDATE, MODIFIEDBY, MODIFIEDDATE) VALUES ("ROLE_FINANCIAL_MANAGER",23, 1, "admin@wsolution.com", '2021-04-10 15:03:20', "admin@wsolution.com", '2021-04-10 15:03:20');
INSERT INTO PRIVILEGE (ROLE_NAME, MODULE_ID, STATUS, CREATEDBY, CREATEDDATE, MODIFIEDBY, MODIFIEDDATE) VALUES ("ROLE_FINANCIAL_MANAGER",24, 1, "admin@wsolution.com", '2021-04-10 15:03:20', "admin@wsolution.com", '2021-04-10 15:03:20');
INSERT INTO PRIVILEGE (ROLE_NAME, MODULE_ID, STATUS, CREATEDBY, CREATEDDATE, MODIFIEDBY, MODIFIEDDATE) VALUES ("ROLE_FINANCIAL_MANAGER",28, 1, "admin@wsolution.com", '2021-04-10 15:03:20', "admin@wsolution.com", '2021-04-10 15:03:20');
INSERT INTO PRIVILEGE (ROLE_NAME, MODULE_ID, STATUS, CREATEDBY, CREATEDDATE, MODIFIEDBY, MODIFIEDDATE) VALUES ("ROLE_FINANCIAL_MANAGER",29, 1, "admin@wsolution.com", '2021-04-10 15:03:20', "admin@wsolution.com", '2021-04-10 15:03:20');
INSERT INTO PRIVILEGE (ROLE_NAME, MODULE_ID, STATUS, CREATEDBY, CREATEDDATE, MODIFIEDBY, MODIFIEDDATE) VALUES ("ROLE_FINANCIAL_MANAGER",30, 1, "admin@wsolution.com", '2021-04-10 15:03:20', "admin@wsolution.com", '2021-04-10 15:03:20');
INSERT INTO PRIVILEGE (ROLE_NAME, MODULE_ID, STATUS, CREATEDBY, CREATEDDATE, MODIFIEDBY, MODIFIEDDATE) VALUES ("ROLE_FINANCIAL_MANAGER",31, 1, "admin@wsolution.com", '2021-04-10 15:03:20', "admin@wsolution.com", '2021-04-10 15:03:20');
INSERT INTO PRIVILEGE (ROLE_NAME, MODULE_ID, STATUS, CREATEDBY, CREATEDDATE, MODIFIEDBY, MODIFIEDDATE) VALUES ("ROLE_FINANCIAL_MANAGER",33, 1, "admin@wsolution.com", '2021-04-10 15:03:20', "admin@wsolution.com", '2021-04-10 15:03:20');
INSERT INTO PRIVILEGE (ROLE_NAME, MODULE_ID, STATUS, CREATEDBY, CREATEDDATE, MODIFIEDBY, MODIFIEDDATE) VALUES ("ROLE_FINANCIAL_MANAGER",34, 1, "admin@wsolution.com", '2021-04-10 15:03:20', "admin@wsolution.com", '2021-04-10 15:03:20');
INSERT INTO PRIVILEGE (ROLE_NAME, MODULE_ID, STATUS, CREATEDBY, CREATEDDATE, MODIFIEDBY, MODIFIEDDATE) VALUES ("ROLE_FINANCIAL_MANAGER",36, 1, "admin@wsolution.com", '2021-04-10 15:03:20', "admin@wsolution.com", '2021-04-10 15:03:20');
INSERT INTO PRIVILEGE (ROLE_NAME, MODULE_ID, STATUS, CREATEDBY, CREATEDDATE, MODIFIEDBY, MODIFIEDDATE) VALUES ("ROLE_FINANCIAL_MANAGER",37, 1, "admin@wsolution.com", '2021-04-10 15:03:20', "admin@wsolution.com", '2021-04-10 15:03:20');
INSERT INTO PRIVILEGE (ROLE_NAME, MODULE_ID, STATUS, CREATEDBY, CREATEDDATE, MODIFIEDBY, MODIFIEDDATE) VALUES ("ROLE_FINANCIAL_MANAGER",39, 1, "admin@wsolution.com", '2021-04-10 15:03:20', "admin@wsolution.com", '2021-04-10 15:03:20');
INSERT INTO PRIVILEGE (ROLE_NAME, MODULE_ID, STATUS, CREATEDBY, CREATEDDATE, MODIFIEDBY, MODIFIEDDATE) VALUES ("ROLE_FINANCIAL_MANAGER",40, 1, "admin@wsolution.com", '2021-04-10 15:03:20', "admin@wsolution.com", '2021-04-10 15:03:20');
INSERT INTO PRIVILEGE (ROLE_NAME, MODULE_ID, STATUS, CREATEDBY, CREATEDDATE, MODIFIEDBY, MODIFIEDDATE) VALUES ("ROLE_FINANCIAL_MANAGER",42, 1, "admin@wsolution.com", '2021-04-10 15:03:20', "admin@wsolution.com", '2021-04-10 15:03:20');
INSERT INTO PRIVILEGE (ROLE_NAME, MODULE_ID, STATUS, CREATEDBY, CREATEDDATE, MODIFIEDBY, MODIFIEDDATE) VALUES ("ROLE_FINANCIAL_MANAGER",43, 1, "admin@wsolution.com", '2021-04-10 15:03:20', "admin@wsolution.com", '2021-04-10 15:03:20');
INSERT INTO PRIVILEGE (ROLE_NAME, MODULE_ID, STATUS, CREATEDBY, CREATEDDATE, MODIFIEDBY, MODIFIEDDATE) VALUES ("ROLE_FINANCIAL_MANAGER",44, 1, "admin@wsolution.com", '2021-04-10 15:03:20', "admin@wsolution.com", '2021-04-10 15:03:20');
INSERT INTO PRIVILEGE (ROLE_NAME, MODULE_ID, STATUS, CREATEDBY, CREATEDDATE, MODIFIEDBY, MODIFIEDDATE) VALUES ("ROLE_FINANCIAL_MANAGER",45, 1, "admin@wsolution.com", '2021-04-10 15:03:20', "admin@wsolution.com", '2021-04-10 15:03:20');
INSERT INTO PRIVILEGE (ROLE_NAME, MODULE_ID, STATUS, CREATEDBY, CREATEDDATE, MODIFIEDBY, MODIFIEDDATE) VALUES ("ROLE_FINANCIAL_MANAGER",46, 1, "admin@wsolution.com", '2021-04-10 15:03:20', "admin@wsolution.com", '2021-04-10 15:03:20');
INSERT INTO PRIVILEGE (ROLE_NAME, MODULE_ID, STATUS, CREATEDBY, CREATEDDATE, MODIFIEDBY, MODIFIEDDATE) VALUES ("ROLE_FINANCIAL_MANAGER",47, 1, "admin@wsolution.com", '2021-04-10 15:03:20', "admin@wsolution.com", '2021-04-10 15:03:20');
INSERT INTO PRIVILEGE (ROLE_NAME, MODULE_ID, STATUS, CREATEDBY, CREATEDDATE, MODIFIEDBY, MODIFIEDDATE) VALUES ("ROLE_FINANCIAL_MANAGER",54, 1, "admin@wsolution.com", '2021-04-10 15:03:20', "admin@wsolution.com", '2021-04-10 15:03:20');
INSERT INTO PRIVILEGE (ROLE_NAME, MODULE_ID, STATUS, CREATEDBY, CREATEDDATE, MODIFIEDBY, MODIFIEDDATE) VALUES ("ROLE_FINANCIAL_MANAGER",56, 1, "admin@wsolution.com", '2021-04-10 15:03:20', "admin@wsolution.com", '2021-04-10 15:03:20');

-- Admin
-- Password is : PassworD1.
INSERT INTO USER (USERNAME, PASSWORD, STATUS, FAILEDATTEMPTS, CREATEDBY, CREATEDDATE, MODIFIEDBY, MODIFIEDDATE) VALUES ("admin@wsolution.com", "$2a$10$hAc6wTcSiPKQzY/gHwwnout7ujUIF4lb6edzCqm4VjsDxPRUKtvv2", 1, 0, "SYSTEM", '2020-10-11 17:17:17', "SYSTEM", '2020-10-11 17:17:17');
INSERT INTO USERROLE (USER_USERNAME, ROLE_NAME, STATUS, CREATEDBY, CREATEDDATE, MODIFIEDBY, MODIFIEDDATE) VALUES ("admin@wsolution.com", "ROLE_ADMIN", 1, "SYSTEM", '2020-10-11 17:17:17', "SYSTEM", '2020-10-11 17:17:17');
INSERT INTO CUSTOMER (ID, ADDRESS, CONTACT1, DESCRIPTION, EMAIL, NAME, TYPE, STATUS, CREATEDBY, CREATEDDATE, MODIFIEDBY, MODIFIEDDATE) VALUES (1, "Head office", "0112400400", "System generated customer", "admin@wsolution.com", "Admin", "Regular", 1, "SYSTEM", '2020-10-11 17:17:17', "SYSTEM", '2020-10-11 17:17:17');

--Customer
INSERT INTO USER (USERNAME, PASSWORD, STATUS, FAILEDATTEMPTS, CREATEDBY, CREATEDDATE, MODIFIEDBY, MODIFIEDDATE) VALUES ("dcmills@gmail.com", "$2a$10$puWhhi13fQOjMdfL1LBC/eWteb81vfRF/K6Zv.aGzA.YkEE277.bq", 1, 0, "admin@wsolution.com", '2021-04-03 13:00:56', "admin@wsolution.com", '2021-04-03 13:02:51');
INSERT INTO USERROLE (USER_USERNAME, ROLE_NAME, STATUS, CREATEDBY, CREATEDDATE, MODIFIEDBY, MODIFIEDDATE) VALUES ("dcmills@gmail.com", "ROLE_CUSTOMER", 1, "admin@wsolution.com", '2021-04-03 13:02:51', "admin@wsolution.com", '2021-04-03 13:02:51');
INSERT INTO CUSTOMER (ID, ADDRESS, CONTACT1, FAX, DESCRIPTION, EMAIL, NAME, TYPE, STATUS, CREATEDBY, CREATEDDATE, MODIFIEDBY, MODIFIEDDATE) VALUES (2, "Henmulla Rd, 11540", "0314931800", "0314931800", "Updated customer of the system", "dcmills@gmail.com", "ASIAN AGRO PRODUCTS (PVT) LTD. (NUTRIKOKOS)", "Regular", 1, "admin@wsolution.com", '2021-04-03 13:00:56', "admin@wsolution.com", '2021-04-03 13:02:51');

INSERT INTO USER (USERNAME, PASSWORD, STATUS, FAILEDATTEMPTS, CREATEDBY, CREATEDDATE, MODIFIEDBY, MODIFIEDDATE) VALUES ("info@elpitiya.com", "$2a$10$bzN3kTxhYeGmWN/fOXx3P.P1YAHCen0v9BT/AtUx42UtDN8WqXIeK", 1, 0, "admin@wsolution.com", '2021-04-03 13:14:00', "admin@wsolution.com", '2021-04-03 13:14:00');
INSERT INTO USERROLE (USER_USERNAME, ROLE_NAME, STATUS, CREATEDBY, CREATEDDATE, MODIFIEDBY, MODIFIEDDATE) VALUES ("info@elpitiya.com", "ROLE_CUSTOMER", 1, "admin@wsolution.com", '2021-04-03 13:14:00', "admin@wsolution.com", '2021-04-03 13:14:00');
INSERT INTO CUSTOMER (ID, ADDRESS, CONTACT1, FAX, DESCRIPTION, EMAIL, NAME, TYPE, STATUS, CREATEDBY, CREATEDDATE, MODIFIEDBY, MODIFIEDDATE) VALUES (3, "Level 09,  Aitken Spence Tower I,  No. 305, Vauxhall Street,  Colombo 02,  Sri Lanka.", "0114693000", "0114693030", "Created customer of the system", "info@elpitiya.com", "AEN Palm Oil Processing (Pvt.) Ltd.", "Regular", 1, "admin@wsolution.com", '2021-04-03 13:14:00', "admin@wsolution.com", '2021-04-03 13:14:00');

INSERT INTO USER (USERNAME, PASSWORD, STATUS, FAILEDATTEMPTS, CREATEDBY, CREATEDDATE, MODIFIEDBY, MODIFIEDDATE) VALUES ("madhawa@cocomate.com", "$2a$10$UQj6145tDeNtqWLpcF7JXOiJwVgo8kUeosJBB9HWLUczmmu4jjFBq", 1, 0, "admin@wsolution.com", '2021-04-03 13:28:50', "admin@wsolution.com", '2021-04-03 13:28:50');
INSERT INTO USERROLE (USER_USERNAME, ROLE_NAME, STATUS, CREATEDBY, CREATEDDATE, MODIFIEDBY, MODIFIEDDATE) VALUES ("madhawa@cocomate.com", "ROLE_CUSTOMER", 1, "admin@wsolution.com", '2021-04-03 13:28:50', "admin@wsolution.com", '2021-04-03 13:28:50');
INSERT INTO CUSTOMER (ID, ADDRESS, CONTACT1, FAX, DESCRIPTION, EMAIL, NAME, TYPE, STATUS, CREATEDBY, CREATEDDATE, MODIFIEDBY, MODIFIEDDATE) VALUES (4, "NDC Exports Nadalagamuwa Sri Lanka", "0372285774", "0372285774", "Created customer of the system", "madhawa@cocomate.com", "NDC Exports (Pvt) Ltd", "Regular", 1, "admin@wsolution.com", '2021-04-03 13:28:50', "admin@wsolution.com", '2021-04-03 13:28:50');

INSERT INTO USER (USERNAME, PASSWORD, STATUS, FAILEDATTEMPTS, CREATEDBY, CREATEDDATE, MODIFIEDBY, MODIFIEDDATE) VALUES ("inforlankasugar@lscl.lk", "$2a$10$v0yTy7HEhenCqeOyOR1ajO2NFl7xWAoSkYSVEFcivPFKSkInPVBKC", 1, 0, "admin@wsolution.com", '2021-04-03 13:34:42', "admin@wsolution.com", '2021-04-03 13:34:42');
INSERT INTO USERROLE (USER_USERNAME, ROLE_NAME, STATUS, CREATEDBY, CREATEDDATE, MODIFIEDBY, MODIFIEDDATE) VALUES ("inforlankasugar@lscl.lk", "ROLE_CUSTOMER", 1, "admin@wsolution.com", '2021-04-03 13:34:42', "admin@wsolution.com", '2021-04-03 13:34:42');
INSERT INTO CUSTOMER (ID, ADDRESS, CONTACT1, CONTACT2, FAX, DESCRIPTION, EMAIL, NAME, TYPE, STATUS, CREATEDBY, CREATEDDATE, MODIFIEDBY, MODIFIEDDATE) VALUES (5, "No. 27 Melbourne Avenue, Colombo 04", "0112584184", "0112584184", "0112500674", "Created customer of the system", "inforlankasugar@lscl.lk", "Lanka Sugar Company (Pvt) Ltd (LSCPL)", "Regular", 1, "admin@wsolution.com", '2021-04-03 13:34:42', "admin@wsolution.com", '2021-04-03 13:34:42');

INSERT INTO USER (USERNAME, PASSWORD, STATUS, FAILEDATTEMPTS, CREATEDBY, CREATEDDATE, MODIFIEDBY, MODIFIEDDATE) VALUES ("contact@ambalama.lk", "$2a$10$/ggBW6/b56LYia2caMEXPuRZtrJvSGGdSVjXHhToi8EcGQBajgorm", 1, 0, "admin@wsolution.com", '2021-04-03 13:57:50', "admin@wsolution.com", '2021-04-03 13:57:50');
INSERT INTO USERROLE (USER_USERNAME, ROLE_NAME, STATUS, CREATEDBY, CREATEDDATE, MODIFIEDBY, MODIFIEDDATE) VALUES ("contact@ambalama.lk", "ROLE_CUSTOMER", 1, "admin@wsolution.com", '2021-04-03 13:57:50', "admin@wsolution.com", '2021-04-03 13:57:50');
INSERT INTO CUSTOMER (ID, ADDRESS, CONTACT1, CONTACT2, FAX, DESCRIPTION, EMAIL, NAME, TYPE, STATUS, CREATEDBY, CREATEDDATE, MODIFIEDBY, MODIFIEDDATE) VALUES (6, "Ihala hanwalla,hanwalla,srilanka", "0759660519", "0365676876", "0362253388", "Created customer of the system", "contact@ambalama.lk", "Ambalama Leisure Lounge", "Regular", 1, "admin@wsolution.com", '2021-04-03 13:57:50', "admin@wsolution.com", '2021-04-03 13:57:50');



--Supplier

INSERT INTO USER (USERNAME, PASSWORD, STATUS, FAILEDATTEMPTS, CREATEDBY, CREATEDDATE, MODIFIEDBY, MODIFIEDDATE) VALUES ("info@danstoker.com", "$2a$10$KXjTs5SIo8MfZqlm9UaGtuk5s9M3oJAlrmm9E/EnvbfoMelBtqOtW", 1, 0, "admin@wsolution.com", '2021-04-03 12:02:05', "admin@wsolution.com", '2021-04-03 12:02:05');
INSERT INTO USERROLE (USER_USERNAME, ROLE_NAME, STATUS, CREATEDBY, CREATEDDATE, MODIFIEDBY, MODIFIEDDATE) VALUES ("info@danstoker.com", "ROLE_SUPPLIER", 1, "admin@wsolution.com", '2021-04-03 12:02:05', "admin@wsolution.com", '2021-04-03 12:02:05');
INSERT INTO SUPPLIER (ID, CODE, ADDRESS, CONTACT1, CONTACT2, FAX, DESCRIPTION, EMAIL, NAME, TYPE, STATUS, CREATEDBY, CREATEDDATE, MODIFIEDBY, MODIFIEDDATE)VALUES (1, "0001", "Plot No. 12, 21,25,26, 1 Block, MIDC, Chinchwad, Pimpri-Chinchwad, Maharashtra 411019, India", "+912025887297", "+912025887297", "+912025887297", "Created supplier of the system", "info@danstoker.com", "Thermax  Limited", "Foreign", 1, "admin@wsolution.com", '2021-04-03 12:02:05', "admin@wsolution.com", '2021-04-03 12:02:05');

INSERT INTO USER (USERNAME, PASSWORD, STATUS, FAILEDATTEMPTS, CREATEDBY, CREATEDDATE, MODIFIEDBY, MODIFIEDDATE) VALUES ("devi@slt.lk", "$2a$10$cowuNsDyvNz0R2BRa1AFXelVj2baX33I3/n9ZZHINtA8/JuGZHRIq", 1, 0, "admin@wsolution.com", '2021-04-03 12:24:31', "admin@wsolution.com", '2021-04-03 12:24:31');
INSERT INTO USERROLE (USER_USERNAME, ROLE_NAME, STATUS, CREATEDBY, CREATEDDATE, MODIFIEDBY, MODIFIEDDATE) VALUES ("devi@slt.lk", "ROLE_SUPPLIER", 1, "admin@wsolution.com", '2021-04-03 12:24:31', "admin@wsolution.com", '2021-04-03 12:24:31');
INSERT INTO SUPPLIER (ID, CODE, ADDRESS, CONTACT1, CONTACT2, FAX, DESCRIPTION, EMAIL, NAME, TYPE, STATUS, CREATEDBY, CREATEDDATE, MODIFIEDBY, MODIFIEDDATE) VALUES (2, "0002", "No:125, Bankshall Street, Colombo-11", "+94114724572", "+94112335124", "+94112432444", "Created supplier of the system", "devi@slt.lk", "Devi Trading Company", "Local", 1, "admin@wsolution.com", '2021-04-03 12:24:31', "admin@wsolution.com", '2021-04-03 12:24:31');

INSERT INTO USER (USERNAME, PASSWORD, STATUS, FAILEDATTEMPTS, CREATEDBY, CREATEDDATE, MODIFIEDBY, MODIFIEDDATE) VALUES ("info@wct.lk", "$2a$10$mksSR1aQBEPgiKoUte14seHOovuKplI7wv2hvN7cxban3fnkqjyeC", 1, 0, "admin@wsolution.com", '2021-04-03 12:33:21', "admin@wsolution.com", '2021-04-03 12:33:21');
INSERT INTO USERROLE (USER_USERNAME, ROLE_NAME, STATUS, CREATEDBY, CREATEDDATE, MODIFIEDBY, MODIFIEDDATE) VALUES ("info@wct.lk", "ROLE_SUPPLIER", 1, "admin@wsolution.com", '2021-04-03 12:33:21', "admin@wsolution.com", '2021-04-03 12:33:21');
INSERT INTO SUPPLIER (ID, CODE, ADDRESS, CONTACT1, CONTACT2, FAX, DESCRIPTION, EMAIL, NAME, TYPE, STATUS, CREATEDBY, CREATEDDATE, MODIFIEDBY, MODIFIEDDATE) VALUES (3, "0003", "#77 UDA Industrila Estate, Katuwana, Homagama (10200), Sri Lanka", "+94112895350", "+94112895350", "+94112895999", "Created supplier of the system", "info@wct.lk", "Watercare Technologies Pvt Ltd", "Local", 1, "admin@wsolution.com", '2021-04-03 12:33:22', "admin@wsolution.com", '2021-04-03 12:33:22');

INSERT INTO USER (USERNAME, PASSWORD, STATUS, FAILEDATTEMPTS, CREATEDBY, CREATEDDATE, MODIFIEDBY, MODIFIEDDATE) VALUES ("admin@sdchemlanka.com", "$2a$10$kHKYFopCLn9VsP/Maj4ufOZxovlTYVl350wDpc4.rac5bqYJZOglq", 1, 0, "admin@wsolution.com", '2021-04-03 12:41:12', "admin@wsolution.com", '2021-04-03 12:41:12');
INSERT INTO USERROLE (USER_USERNAME, ROLE_NAME, STATUS, CREATEDBY, CREATEDDATE, MODIFIEDBY, MODIFIEDDATE) VALUES ("admin@sdchemlanka.com", "ROLE_SUPPLIER", 1, "admin@wsolution.com", '2021-04-03 12:41:13', "admin@wsolution.com", '2021-04-03 12:41:13');
INSERT INTO SUPPLIER (ID, CODE, ADDRESS, CONTACT1, CONTACT2, FAX, DESCRIPTION, EMAIL, NAME, TYPE, STATUS, CREATEDBY, CREATEDDATE, MODIFIEDBY, MODIFIEDDATE) VALUES (4, "0004", "No 36, Old Kesbewa Road, Boralesgamuwa, Sri Lanka", "+94114515544", "+94114515225", "+94114515225", "Created supplier of the system", "admin@sdchemlanka.com", "S&D Associates", "Local", 1, "admin@wsolution.com", '2021-04-03 12:41:13', "admin@wsolution.com", '2021-04-03 12:41:13');



-- Other Data
--employee
INSERT INTO USER (USERNAME, PASSWORD, STATUS, FAILEDATTEMPTS, CREATEDBY, CREATEDDATE, MODIFIEDBY, MODIFIEDDATE) VALUES ("santha@gmail.com", "$2a$10$c9kiBNAJ2YF9YBYBJQqV3OhY0U0uq.lSStjzAnM.D./3uAu2Vnn.q", 1, 0, "admin@wsolution.com", '2021-04-15 12:16:57', "admin@wsolution.com", '2021-04-15 12:16:57');
INSERT INTO USERROLE (USER_USERNAME, ROLE_NAME, STATUS, CREATEDBY, CREATEDDATE, MODIFIEDBY, MODIFIEDDATE) VALUES ("santha@gmail.com", "ROLE_ADMIN", 1, "admin@wsolution.com", '2021-04-15 12:16:57', "admin@wsolution.com", '2021-04-15 12:16:57');
INSERT INTO EMPLOYEE (ID,CREATEDBY,CREATEDDATE,MODIFIEDBY,MODIFIEDDATE,STATUS,ADDRESS,CALLINGNAME,CIVILSTATUS,CODE,DESCRIPTION,DESIGNATION,DOBIRTH,DORECRUITE,EMAIL,GENDER,LAND,MOBILE,NAME,NAMETITLE,NIC) VALUES (1,"admin@wsolution.com",'2021-04-15 12:16:57',"admin@wsolution.com",'2021-04-15 12:28:07',1,"No:70	Indonamulla	Dompe","Santha","Married","e0001","Updated employee of the system","Management Staff","1978-07-02","2010-01-10","santha@gmail.com","Male","0112489687","0718084786","Santha Rathnayake","Mr","781850072V");

INSERT INTO USER (USERNAME, PASSWORD, STATUS, FAILEDATTEMPTS, CREATEDBY, CREATEDDATE, MODIFIEDBY, MODIFIEDDATE) VALUES ("kasun@gmail.com", "$2a$10$vqkw0VlGJJDkBJJ5xb40HOpLSB48euT9XnqR2AI1a9gxj2L7BJrwC", 1, 0, "admin@wsolution.com", '2021-04-15 12:16:57', "admin@wsolution.com", '2021-04-15 12:16:57');
INSERT INTO USERROLE (USER_USERNAME, ROLE_NAME, STATUS, CREATEDBY, CREATEDDATE, MODIFIEDBY, MODIFIEDDATE) VALUES ("kasun@gmail.com", "ROLE_FINANCIAL_MANAGER", 1, "admin@wsolution.com", '2021-04-15 12:16:57', "admin@wsolution.com", '2021-04-15 12:16:57');
INSERT INTO EMPLOYEE (ID,CREATEDBY,CREATEDDATE,MODIFIEDBY,MODIFIEDDATE,STATUS,ADDRESS,CALLINGNAME,CIVILSTATUS,CODE,DESCRIPTION,DESIGNATION,DOBIRTH,DORECRUITE,EMAIL,GENDER,LAND,MOBILE,NAME,NAMETITLE,NIC) VALUES (2,"admin@wsolution.com",'2021-04-15 12:27:20',"admin@wsolution.com",'2021-04-15 12:27:20',1,"No:500A	Palugama	Dompe","Kasun","Married","e0002","Created employee of the system","Maintenance Staff","1989-10-29","2012-01-07","kasun@gmail.com","Male","0112789654","0728985369","Kasun Senanayake","Mr","893040071V");

INSERT INTO USER (USERNAME, PASSWORD, STATUS, FAILEDATTEMPTS, CREATEDBY, CREATEDDATE, MODIFIEDBY, MODIFIEDDATE) VALUES ("romesh@gmail.com", "$2a$10$7twRrQLzrwATy/d6.WMPk./Zke.m8hem3RuRHZhR.UFedbPCnfmaS", 1, 0, "admin@wsolution.com", '2021-04-15 12:16:57', "admin@wsolution.com", '2021-04-15 12:16:57');
INSERT INTO USERROLE (USER_USERNAME, ROLE_NAME, STATUS, CREATEDBY, CREATEDDATE, MODIFIEDBY, MODIFIEDDATE) VALUES ("romesh@gmail.com", "ROLE_DELIVERY_EMPLOYEE", 1, "admin@wsolution.com", '2021-04-15 12:16:57', "admin@wsolution.com", '2021-04-15 12:16:57');
INSERT INTO EMPLOYEE (ID,CREATEDBY,CREATEDDATE,MODIFIEDBY,MODIFIEDDATE,STATUS,ADDRESS,CALLINGNAME,CIVILSTATUS,CODE,DESCRIPTION,DESIGNATION,DOBIRTH,DORECRUITE,EMAIL,GENDER,LAND,MOBILE,NAME,NAMETITLE,NIC) VALUES(3,"admin@wsolution.com",'2021-04-15 12:16:57',"admin@wsolution.com",'2021-04-15 12:28:07',1,"No:80	Pugoda Rd,	Dompe","Romesh","Single","e0003","Updated employee of the system","Delivery Staff","1991-06-22","2016-01-05","romesh@gmail.com","Male","0112857465","0756785464","Romesh Ranathunga","Mr","911740072V");

INSERT INTO USER (USERNAME, PASSWORD, STATUS, FAILEDATTEMPTS, CREATEDBY, CREATEDDATE, MODIFIEDBY, MODIFIEDDATE) VALUES ("gayan@gmail.com", "$2a$10$5xl0vw5vbM9rjMCTz4NT5ej4HmLVUelhALleKdZX2./Gv0fqli5AG", 1, 0, "admin@wsolution.com", '2021-04-16 10:58:04', "admin@wsolution.com", '2021-04-16 10:58:04');
INSERT INTO USERROLE (USER_USERNAME, ROLE_NAME, STATUS, CREATEDBY, CREATEDDATE, MODIFIEDBY, MODIFIEDDATE) VALUES ("gayan@gmail.com", "ROLE_STOCK_MANAGER", 1, "admin@wsolution.com", '2021-04-16 10:58:04', "admin@wsolution.com", '2021-04-16 10:58:04');
INSERT INTO EMPLOYEE (ID,CREATEDBY,CREATEDDATE,MODIFIEDBY,MODIFIEDDATE,STATUS,ADDRESS,CALLINGNAME,CIVILSTATUS,CODE,DESCRIPTION,DESIGNATION,DOBIRTH,DORECRUITE,EMAIL,GENDER,LAND,MOBILE,NAME,NAMETITLE,NIC) VALUES(4,"admin@wsolution.com",'2021-04-16 10:58:04',"admin@wsolution.com",'2021-04-16 10:58:04',1,"Pathum Uyana, Dekatana","Gayan","Single","e0004","Updated employee of the system","Maintenance Staff","1990-05-03","2018-01-02","gayan@gmail.com","Male","0112486572","0767074371","Gayan Gunaweera","Mr","901242281V");

-- Discounts
INSERT INTO DISCOUNT (ID, CATEGORY, DISCOUNT, TYPE, STATUS, CREATEDBY, CREATEDDATE, MODIFIEDBY, MODIFIEDDATE) VALUES (1, "CUSTOMER", 0.05, "EXTERNAL", 1, "SYSTEM", '2020-10-11 17:17:17', "SYSTEM", '2020-10-11 17:17:17');
INSERT INTO DISCOUNT (ID, CATEGORY, DISCOUNT, TYPE, STATUS, CREATEDBY, CREATEDDATE, MODIFIEDBY, MODIFIEDDATE) VALUES (2, "CUSTOMER", 0.1, "REGULAR", 1, "SYSTEM", '2020-10-11 17:17:17', "SYSTEM", '2020-10-11 17:17:17');

-- Designations
INSERT INTO DESIGNATION (ID, NAME, STATUS, CREATEDBY, CREATEDDATE, MODIFIEDBY, MODIFIEDDATE) VALUES (1, "Maintenance Staff", 1, "SYSTEM", '2020-10-11 17:17:17', "SYSTEM", '2020-10-11 17:17:17');
INSERT INTO DESIGNATION (ID, NAME, STATUS, CREATEDBY, CREATEDDATE, MODIFIEDBY, MODIFIEDDATE) VALUES (2, "Delivery Staff", 1, "SYSTEM", '2020-10-11 17:17:17', "SYSTEM", '2020-10-11 17:17:17');
INSERT INTO DESIGNATION (ID, NAME, STATUS, CREATEDBY, CREATEDDATE, MODIFIEDBY, MODIFIEDDATE) VALUES (3, "Management Staff", 1, "SYSTEM", '2020-10-11 17:17:17', "SYSTEM", '2020-10-11 17:17:17');
INSERT INTO DESIGNATION (ID, NAME, STATUS, CREATEDBY, CREATEDDATE, MODIFIEDBY, MODIFIEDDATE) VALUES (4, "Financial Staff", 1, "SYSTEM", '2020-10-11 17:17:17', "SYSTEM", '2020-10-11 17:17:17');


-- Vehicle Types
INSERT INTO VEHICLETYPE (ID, NAME, STATUS, CREATEDBY, CREATEDDATE, MODIFIEDBY, MODIFIEDDATE) VALUES (1, "BICYCLE", 1, "SYSTEM", '2020-10-11 17:17:17', "SYSTEM", '2020-10-11 17:17:17');
INSERT INTO VEHICLETYPE (ID, NAME, STATUS, CREATEDBY, CREATEDDATE, MODIFIEDBY, MODIFIEDDATE) VALUES (2, "CAR", 1, "SYSTEM", '2020-10-11 17:17:17', "SYSTEM", '2020-10-11 17:17:17');
INSERT INTO VEHICLETYPE (ID, NAME, STATUS, CREATEDBY, CREATEDDATE, MODIFIEDBY, MODIFIEDDATE) VALUES (3, "VAN", 1, "SYSTEM", '2020-10-11 17:17:17', "SYSTEM", '2020-10-11 17:17:17');
INSERT INTO VEHICLETYPE (ID, NAME, STATUS, CREATEDBY, CREATEDDATE, MODIFIEDBY, MODIFIEDDATE) VALUES (4, "BUS", 1, "SYSTEM", '2020-10-11 17:17:17', "SYSTEM", '2020-10-11 17:17:17');
INSERT INTO VEHICLETYPE (ID, NAME, STATUS, CREATEDBY, CREATEDDATE, MODIFIEDBY, MODIFIEDDATE) VALUES (5, "LORRY", 1, "SYSTEM", '2020-10-11 17:17:17', "SYSTEM", '2020-10-11 17:17:17');

-- Vehicle Facilities
INSERT INTO VEHICLEFACILITY (ID, NAME, STATUS, CREATEDBY, CREATEDDATE, MODIFIEDBY, MODIFIEDDATE) VALUES (1, "4-WD", 1, "SYSTEM", '2020-10-11 17:17:17', "SYSTEM", '2020-10-11 17:17:17');
INSERT INTO VEHICLEFACILITY (ID, NAME, STATUS, CREATEDBY, CREATEDDATE, MODIFIEDBY, MODIFIEDDATE) VALUES (2, "AC", 1, "SYSTEM", '2020-10-11 17:17:17', "SYSTEM", '2020-10-11 17:17:17');
INSERT INTO VEHICLEFACILITY (ID, NAME, STATUS, CREATEDBY, CREATEDDATE, MODIFIEDBY, MODIFIEDDATE) VALUES (3, "Non-AC", 1, "SYSTEM", '2020-10-11 17:17:17', "SYSTEM", '2020-10-11 17:17:17');

--Vehicle
INSERT INTO VEHICLE (ID, CREATEDBY, CREATEDDATE, MODIFIEDBY, MODIFIEDDATE, STATUS, BRAND, DESCRIPTION, MODAL, NO, VEHICLETYPE_ID) VALUES (1,"admin@wsolution.com","2021-04-15 15:33:57","admin@wsolution.com","2021-04-15 15:33:57",1,"Daimler AG","","Medium truck","QL9901",5);
INSERT INTO VEHICLE (ID, CREATEDBY, CREATEDDATE, MODIFIEDBY, MODIFIEDDATE, STATUS, BRAND, DESCRIPTION, MODAL, NO, VEHICLETYPE_ID) VALUES (2,"admin@wsolution.com","2021-04-15 15:33:57","admin@wsolution.com","2021-04-15 15:33:57",1,"Honda","","Odyssey","PQ7802",3);
INSERT INTO VEHICLE (ID, CREATEDBY, CREATEDDATE, MODIFIEDBY, MODIFIEDDATE, STATUS, BRAND, DESCRIPTION, MODAL, NO, VEHICLETYPE_ID) VALUES (3,"admin@wsolution.com","2021-04-15 15:33:57","admin@wsolution.com","2021-04-15 15:33:57",1,"Yamaha","","YZF-R125 track-spec","BDT4896",1);

--item
INSERT INTO ITEM(ID,CREATEDBY,CREATEDDATE,MODIFIEDBY,MODIFIEDDATE,STATUS,CODE,DANGERLEVEL,DESCRIPTION,LASTPRICE,NAME,ROP,SPRICE,TESTPERIOD,UNIT,WEIGHTVOLUME)
VALUES(1,"admin@wsolution.com",'2021-04-16 11:49:21',"admin@wsolution.com",'2021-04-16 11:49:21',1,"c0001","Low","Boiler water pH controller	 Alkalinity builder",500.0,"MAXTREAT 3004",10,530.0,3,"Kilogram","50");
INSERT INTO ITEM(ID,CREATEDBY,CREATEDDATE,MODIFIEDBY,MODIFIEDDATE,STATUS,CODE,DANGERLEVEL,DESCRIPTION,LASTPRICE,NAME,ROP,SPRICE,TESTPERIOD,UNIT,WEIGHTVOLUME)
VALUES(2,"admin@wsolution.com",'2021-04-16 11:51:45',"admin@wsolution.com",'2021-04-16 11:51:45',1,"c0002","Low","It is recommended for the rapid and complete removal of dissolved oxygen from boiler feed water",600.0,"MAXTREAT 3100",10,640.0,3,"Kilogram","50");
INSERT INTO ITEM(ID,CREATEDBY,CREATEDDATE,MODIFIEDBY,MODIFIEDDATE,STATUS,CODE,DANGERLEVEL,DESCRIPTION,LASTPRICE,NAME,ROP,SPRICE,TESTPERIOD,UNIT,WEIGHTVOLUME)
VALUES(3,"admin@wsolution.com",'2021-04-16 12:25:40',"admin@wsolution.com",'2021-04-16 12:25:40',1,"c0003","Low","It is formulated for the treatment of smoke tube boilers using soft water",500.0,"MAXTREAT 3221",10,520.0,3,"Kilogram","50");
INSERT INTO ITEM(ID,CREATEDBY,CREATEDDATE,MODIFIEDBY,MODIFIEDDATE,STATUS,CODE,DANGERLEVEL,DESCRIPTION,LASTPRICE,NAME,ROP,SPRICE,TESTPERIOD,UNIT,WEIGHTVOLUME)
VALUES(4,"admin@wsolution.com",'2021-04-16 12:18:55',"admin@wsolution.com",'2021-04-16 12:18:55',1,"c0004","Low","This provides an accelerated response followed by a gradual action to effectively combat the menace of algae	 fungi and bacteria",900.0,"MAXTREAT 651",10,950.0,3,"Kilogram","50");
INSERT INTO ITEM(ID,CREATEDBY,CREATEDDATE,MODIFIEDBY,MODIFIEDDATE,STATUS,CODE,DANGERLEVEL,DESCRIPTION,LASTPRICE,NAME,ROP,SPRICE,TESTPERIOD,UNIT,WEIGHTVOLUME)
VALUES(5,"admin@wsolution.com",'2021-04-16 12:20:48',"admin@wsolution.com",'2021-04-16 12:20:48',1,"c0005","Low","This controls inorganic scales of elements commonly found in surface	 ground and sea water",900.0,"MAXTREAT 9001",10,950.0,3,"Kilogram","50");
INSERT INTO ITEM(ID,CREATEDBY,CREATEDDATE,MODIFIEDBY,MODIFIEDDATE,STATUS,CODE,DANGERLEVEL,DESCRIPTION,LASTPRICE,NAME,ROP,SPRICE,TESTPERIOD,UNIT,WEIGHTVOLUME)
VALUES(6,"admin@wsolution.com",'2021-04-16 13:17:20',"admin@wsolution.com",'2021-04-16 13:17:20',1,"c0006","Low","This, will increase the pH of the water",90.0,"Caustic Soda",10,95.0,3,"Kilogram","50");
INSERT INTO ITEM(ID,CREATEDBY,CREATEDDATE,MODIFIEDBY,MODIFIEDDATE,STATUS,CODE,DANGERLEVEL,DESCRIPTION,LASTPRICE,NAME,ROP,SPRICE,TESTPERIOD,UNIT,WEIGHTVOLUME)
VALUES(7,"admin@wsolution.com",'2021-04-16 13:18:52',"admin@wsolution.com",'2021-04-16 13:18:52',1,"c0007","Low","It is a disinfectant used through direct addition into the pool water",375.0,"Chlorine Powder 90%",10,380.0,3,"Kilogram","50");
INSERT INTO ITEM(ID,CREATEDBY,CREATEDDATE,MODIFIEDBY,MODIFIEDDATE,STATUS,CODE,DANGERLEVEL,DESCRIPTION,LASTPRICE,NAME,ROP,SPRICE,TESTPERIOD,UNIT,WEIGHTVOLUME)
VALUES(8,"admin@wsolution.com",'2021-04-16 13:20:12',"admin@wsolution.com",'2021-04-16 13:20:12',1,"c0008","Low","It is the best disinfectant for use against contamination",315.0,"Chlorine Powder 70%",10,320.0,3,"Kilogram","50");
INSERT INTO ITEM(ID,CREATEDBY,CREATEDDATE,MODIFIEDBY,MODIFIEDDATE,STATUS,CODE,DANGERLEVEL,DESCRIPTION,LASTPRICE,NAME,ROP,SPRICE,TESTPERIOD,UNIT,WEIGHTVOLUME)
VALUES(9,"admin@wsolution.com",'2021-04-16 13:22:17',"admin@wsolution.com",'2021-04-16 13:22:17',1,"c0009","Low","It is a compound that can be effectively used for water purification. It is used on a large scale for surface purification, bleaching, odor removal and water disinfection",50.0,"Sodium Hypochlorite 10%",10,60.0,3,"Kilogram","50");
INSERT INTO ITEM(ID,CREATEDBY,CREATEDDATE,MODIFIEDBY,MODIFIEDDATE,STATUS,CODE,DANGERLEVEL,DESCRIPTION,LASTPRICE,NAME,ROP,SPRICE,TESTPERIOD,UNIT,WEIGHTVOLUME)
VALUES(10,"admin@wsolution.com",'2021-04-16 13:23:32',"admin@wsolution.com",'2021-04-16 13:23:32',1,"c0010","Low","It used for treating drinking water and in the dewatering of waterworks sludge",1375.0,"Magnafloc lt 27",10,1380.0,3,"Kilogram","50");

--inventory
INSERT INTO INVENTORY(ID,CREATEDBY,CREATEDDATE,MODIFIEDBY,MODIFIEDDATE,STATUS,CODE,DESCRIPTION,INITQTY,QTY,ITEM_ID)
VALUES(1,"admin@wsolution.com",'2021-04-16 13:17:20',"admin@wsolution.com",'2021-04-16 13:17:20',1,"c0001","Boiler water pH controller	 Alkalinity builder",0,0,1);
INSERT INTO INVENTORY(ID,CREATEDBY,CREATEDDATE,MODIFIEDBY,MODIFIEDDATE,STATUS,CODE,DESCRIPTION,INITQTY,QTY,ITEM_ID)
VALUES(2,"admin@wsolution.com",'2021-04-16 13:17:20',"admin@wsolution.com",'2021-04-16 13:17:20',1,"c0002","It is recommended for the rapid and complete removal of dissolved oxygen from boiler feed water",0,0,2);
INSERT INTO INVENTORY(ID,CREATEDBY,CREATEDDATE,MODIFIEDBY,MODIFIEDDATE,STATUS,CODE,DESCRIPTION,INITQTY,QTY,ITEM_ID)
VALUES(3,"admin@wsolution.com",'2021-04-16 13:17:20',"admin@wsolution.com",'2021-04-16 13:17:20',1,"c0003","It is formulated for the treatment of smoke tube boilers using soft water",0,0,3);
INSERT INTO INVENTORY(ID,CREATEDBY,CREATEDDATE,MODIFIEDBY,MODIFIEDDATE,STATUS,CODE,DESCRIPTION,INITQTY,QTY,ITEM_ID)
VALUES(4,"admin@wsolution.com",'2021-04-16 13:17:20',"admin@wsolution.com",'2021-04-16 13:17:20',1,"c0004","This provides an accelerated response followed by a gradual action to effectively combat the menace of algae	 fungi and bacteria",0,0,4);
INSERT INTO INVENTORY(ID,CREATEDBY,CREATEDDATE,MODIFIEDBY,MODIFIEDDATE,STATUS,CODE,DESCRIPTION,INITQTY,QTY,ITEM_ID)
VALUES(5,"admin@wsolution.com",'2021-04-16 13:17:20',"admin@wsolution.com",'2021-04-16 13:17:20',1,"c0005","This controls inorganic scales of elements commonly found in surface	 ground and sea water",0,0,5);
INSERT INTO INVENTORY(ID,CREATEDBY,CREATEDDATE,MODIFIEDBY,MODIFIEDDATE,STATUS,CODE,DESCRIPTION,INITQTY,QTY,ITEM_ID)
VALUES(6,"admin@wsolution.com",'2021-04-16 13:17:20',"admin@wsolution.com",'2021-04-16 13:17:20',1,"c0006","This	 will increase the pH of the water",0,0,6);
INSERT INTO INVENTORY(ID,CREATEDBY,CREATEDDATE,MODIFIEDBY,MODIFIEDDATE,STATUS,CODE,DESCRIPTION,INITQTY,QTY,ITEM_ID)
VALUES(7,"admin@wsolution.com",'2021-04-16 13:18:52',"admin@wsolution.com",'2021-04-16 13:18:52',1,"c0007","It is a disinfectant used through direct addition into the pool water",0,0,7);
INSERT INTO INVENTORY(ID,CREATEDBY,CREATEDDATE,MODIFIEDBY,MODIFIEDDATE,STATUS,CODE,DESCRIPTION,INITQTY,QTY,ITEM_ID)
VALUES(8,"admin@wsolution.com",'2021-04-16 13:20:12',"admin@wsolution.com",'2021-04-16 13:20:12',1,"c0008","It is the best disinfectant for use against contamination",0,0,8);
INSERT INTO INVENTORY(ID,CREATEDBY,CREATEDDATE,MODIFIEDBY,MODIFIEDDATE,STATUS,CODE,DESCRIPTION,INITQTY,QTY,ITEM_ID)
VALUES(9,"admin@wsolution.com",'2021-04-16 13:22:17',"admin@wsolution.com",'2021-04-16 13:22:17',1,"c0009","It is a compound that can be effectively used for water purification. It is used on a large scale for surface purification	 bleaching	 odor removal and water disinfection",0,0,9);
INSERT INTO INVENTORY(ID,CREATEDBY,CREATEDDATE,MODIFIEDBY,MODIFIEDDATE,STATUS,CODE,DESCRIPTION,INITQTY,QTY,ITEM_ID)
VALUES(10,"admin@wsolution.com",'2021-04-16 13:23:32',"admin@wsolution.com",'2021-04-16 13:23:32',1,"c0010","It used for treating drinking water and in the dewatering of waterworks sludge",0,0,10);
