-- Insert Scripts
INSERT INTO MODULE (ID, PERMISSION_CODE, PERMISSION_DESCRIPTION, STATUS, CREATEDBY, CREATEDDATE, MODIFIEDBY, MODIFIEDDATE) VALUES (1,"INV", "Navigate to Dashboard", 1, "SYSTEM", '2020-10-11 17:17:17', "SYSTEM", '2020-10-11 17:17:17');
INSERT INTO MODULE (ID, PERMISSION_CODE, PERMISSION_DESCRIPTION, STATUS, CREATEDBY, CREATEDDATE, MODIFIEDBY, MODIFIEDDATE) VALUES (2,"INV-CUS", "Navigate to Customer", 1, "SYSTEM", '2020-10-11 17:17:17', "SYSTEM", '2020-10-11 17:17:17');
INSERT INTO MODULE (ID, PERMISSION_CODE, PERMISSION_DESCRIPTION, STATUS, CREATEDBY, CREATEDDATE, MODIFIEDBY, MODIFIEDDATE) VALUES (3,"INV-CUS-VW", "View All Customers", 1, "SYSTEM", '2020-10-11 17:17:17', "SYSTEM", '2020-10-11 17:17:17');
INSERT INTO MODULE (ID, PERMISSION_CODE, PERMISSION_DESCRIPTION, STATUS, CREATEDBY, CREATEDDATE, MODIFIEDBY, MODIFIEDDATE) VALUES (4,"INV-CUS-CR", "Create Customer", 1, "SYSTEM", '2020-10-11 17:17:17', "SYSTEM", '2020-10-11 17:17:17');
INSERT INTO MODULE (ID, PERMISSION_CODE, PERMISSION_DESCRIPTION, STATUS, CREATEDBY, CREATEDDATE, MODIFIEDBY, MODIFIEDDATE) VALUES (5,"INV-SUP", "Navigate to Supplier", 1, "SYSTEM", '2020-10-11 17:17:17', "SYSTEM", '2020-10-11 17:17:17');
INSERT INTO MODULE (ID, PERMISSION_CODE, PERMISSION_DESCRIPTION, STATUS, CREATEDBY, CREATEDDATE, MODIFIEDBY, MODIFIEDDATE) VALUES (6,"INV-SUP-VW", "View All Suppliers", 1, "SYSTEM", '2020-10-11 17:17:17', "SYSTEM", '2020-10-11 17:17:17');
INSERT INTO MODULE (ID, PERMISSION_CODE, PERMISSION_DESCRIPTION, STATUS, CREATEDBY, CREATEDDATE, MODIFIEDBY, MODIFIEDDATE) VALUES (7,"INV-SUP-CR", "Create Supplier", 1, "SYSTEM", '2020-10-11 17:17:17', "SYSTEM", '2020-10-11 17:17:17');
INSERT INTO MODULE (ID, PERMISSION_CODE, PERMISSION_DESCRIPTION, STATUS, CREATEDBY, CREATEDDATE, MODIFIEDBY, MODIFIEDDATE) VALUES (8,"INV-EMP", "Navigate to Employee", 1, "SYSTEM", '2020-10-11 17:17:17', "SYSTEM", '2020-10-11 17:17:17');
INSERT INTO MODULE (ID, PERMISSION_CODE, PERMISSION_DESCRIPTION, STATUS, CREATEDBY, CREATEDDATE, MODIFIEDBY, MODIFIEDDATE) VALUES (9,"INV-EMP-VW", "View All Employees", 1, "SYSTEM", '2020-10-11 17:17:17', "SYSTEM", '2020-10-11 17:17:17');
INSERT INTO MODULE (ID, PERMISSION_CODE, PERMISSION_DESCRIPTION, STATUS, CREATEDBY, CREATEDDATE, MODIFIEDBY, MODIFIEDDATE) VALUES (10,"INV-EMP-CR", "Create Employee", 1, "SYSTEM", '2020-10-11 17:17:17', "SYSTEM", '2020-10-11 17:17:17');
INSERT INTO MODULE (ID, PERMISSION_CODE, PERMISSION_DESCRIPTION, STATUS, CREATEDBY, CREATEDDATE, MODIFIEDBY, MODIFIEDDATE) VALUES (11,"INV-TRS", "Navigate to Transport", 1, "SYSTEM", '2020-10-11 17:17:17', "SYSTEM", '2020-10-11 17:17:17');
INSERT INTO MODULE (ID, PERMISSION_CODE, PERMISSION_DESCRIPTION, STATUS, CREATEDBY, CREATEDDATE, MODIFIEDBY, MODIFIEDDATE) VALUES (12,"INV-TRS-VW", "View All Transports", 1, "SYSTEM", '2020-10-11 17:17:17', "SYSTEM", '2020-10-11 17:17:17');
INSERT INTO MODULE (ID, PERMISSION_CODE, PERMISSION_DESCRIPTION, STATUS, CREATEDBY, CREATEDDATE, MODIFIEDBY, MODIFIEDDATE) VALUES (13,"INV-TRS-CR", "Create Transport", 1, "SYSTEM", '2020-10-11 17:17:17', "SYSTEM", '2020-10-11 17:17:17');
INSERT INTO MODULE (ID, PERMISSION_CODE, PERMISSION_DESCRIPTION, STATUS, CREATEDBY, CREATEDDATE, MODIFIEDBY, MODIFIEDDATE) VALUES (14,"INV-USR", "Navigate to User", 1, "SYSTEM", '2020-10-11 17:17:17', "SYSTEM", '2020-10-11 17:17:17');
INSERT INTO MODULE (ID, PERMISSION_CODE, PERMISSION_DESCRIPTION, STATUS, CREATEDBY, CREATEDDATE, MODIFIEDBY, MODIFIEDDATE) VALUES (15,"INV-USR-VW", "View All Users", 1, "SYSTEM", '2020-10-11 17:17:17', "SYSTEM", '2020-10-11 17:17:17');
INSERT INTO MODULE (ID, PERMISSION_CODE, PERMISSION_DESCRIPTION, STATUS, CREATEDBY, CREATEDDATE, MODIFIEDBY, MODIFIEDDATE) VALUES (16,"INV-ROL", "Navigate to Role", 1, "SYSTEM", '2020-10-11 17:17:17', "SYSTEM", '2020-10-11 17:17:17');
INSERT INTO MODULE (ID, PERMISSION_CODE, PERMISSION_DESCRIPTION, STATUS, CREATEDBY, CREATEDDATE, MODIFIEDBY, MODIFIEDDATE) VALUES (17,"INV-ROL-VW", "View All Roles", 1, "SYSTEM", '2020-10-11 17:17:17', "SYSTEM", '2020-10-11 17:17:17');
INSERT INTO MODULE (ID, PERMISSION_CODE, PERMISSION_DESCRIPTION, STATUS, CREATEDBY, CREATEDDATE, MODIFIEDBY, MODIFIEDDATE) VALUES (18,"INV-ROL-CR", "Create Role", 1, "SYSTEM", '2020-10-11 17:17:17', "SYSTEM", '2020-10-11 17:17:17');
INSERT INTO MODULE (ID, PERMISSION_CODE, PERMISSION_DESCRIPTION, STATUS, CREATEDBY, CREATEDDATE, MODIFIEDBY, MODIFIEDDATE) VALUES (19,"INV-ITM", "Navigate to Item", 1, "SYSTEM", '2020-10-11 17:17:17', "SYSTEM", '2020-10-11 17:17:17');
INSERT INTO MODULE (ID, PERMISSION_CODE, PERMISSION_DESCRIPTION, STATUS, CREATEDBY, CREATEDDATE, MODIFIEDBY, MODIFIEDDATE) VALUES (20,"INV-ITM-VW", "View All Items", 1, "SYSTEM", '2020-10-11 17:17:17', "SYSTEM", '2020-10-11 17:17:17');
INSERT INTO MODULE (ID, PERMISSION_CODE, PERMISSION_DESCRIPTION, STATUS, CREATEDBY, CREATEDDATE, MODIFIEDBY, MODIFIEDDATE) VALUES (21,"INV-ITM-CR", "Create Item", 1, "SYSTEM", '2020-10-11 17:17:17', "SYSTEM", '2020-10-11 17:17:17');
INSERT INTO MODULE (ID, PERMISSION_CODE, PERMISSION_DESCRIPTION, STATUS, CREATEDBY, CREATEDDATE, MODIFIEDBY, MODIFIEDDATE) VALUES (22,"INV-ITM-DIS", "Dispose Item", 1, "SYSTEM", '2020-10-11 17:17:17', "SYSTEM", '2020-10-11 17:17:17');
INSERT INTO MODULE (ID, PERMISSION_CODE, PERMISSION_DESCRIPTION, STATUS, CREATEDBY, CREATEDDATE, MODIFIEDBY, MODIFIEDDATE) VALUES (23,"INV-INV", "Navigate to Inventory", 1, "SYSTEM", '2020-10-11 17:17:17', "SYSTEM", '2020-10-11 17:17:17');
INSERT INTO MODULE (ID, PERMISSION_CODE, PERMISSION_DESCRIPTION, STATUS, CREATEDBY, CREATEDDATE, MODIFIEDBY, MODIFIEDDATE) VALUES (24,"INV-INV-VW", "View Inventory", 1, "SYSTEM", '2020-10-11 17:17:17', "SYSTEM", '2020-10-11 17:17:17');
INSERT INTO MODULE (ID, PERMISSION_CODE, PERMISSION_DESCRIPTION, STATUS, CREATEDBY, CREATEDDATE, MODIFIEDBY, MODIFIEDDATE) VALUES (25,"INV-INV-IN-VW", "View Product Inbound Inventory", 1, "SYSTEM", '2020-10-11 17:17:17', "SYSTEM", '2020-10-11 17:17:17');
INSERT INTO MODULE (ID, PERMISSION_CODE, PERMISSION_DESCRIPTION, STATUS, CREATEDBY, CREATEDDATE, MODIFIEDBY, MODIFIEDDATE) VALUES (26,"INV-INV-OUT-VW", "View Product Outbound Inventory", 1, "SYSTEM", '2020-10-11 17:17:17', "SYSTEM", '2020-10-11 17:17:17');
INSERT INTO MODULE (ID, PERMISSION_CODE, PERMISSION_DESCRIPTION, STATUS, CREATEDBY, CREATEDDATE, MODIFIEDBY, MODIFIEDDATE) VALUES (27,"INV-INV-DIS-VW", "View Disposal Products", 1, "SYSTEM", '2020-10-11 17:17:17', "SYSTEM", '2020-10-11 17:17:17');
INSERT INTO MODULE (ID, PERMISSION_CODE, PERMISSION_DESCRIPTION, STATUS, CREATEDBY, CREATEDDATE, MODIFIEDBY, MODIFIEDDATE) VALUES (28,"INV-SLE", "Navigate to Sales", 1, "SYSTEM", '2020-10-11 17:17:17', "SYSTEM", '2020-10-11 17:17:17');
INSERT INTO MODULE (ID, PERMISSION_CODE, PERMISSION_DESCRIPTION, STATUS, CREATEDBY, CREATEDDATE, MODIFIEDBY, MODIFIEDDATE) VALUES (29,"INV-SLE-VW", "View All Sales", 1, "SYSTEM", '2020-10-11 17:17:17', "SYSTEM", '2020-10-11 17:17:17');
INSERT INTO MODULE (ID, PERMISSION_CODE, PERMISSION_DESCRIPTION, STATUS, CREATEDBY, CREATEDDATE, MODIFIEDBY, MODIFIEDDATE) VALUES (30,"INV-ORD", "Navigate to Order", 1, "SYSTEM", '2020-10-11 17:17:17', "SYSTEM", '2020-10-11 17:17:17');
INSERT INTO MODULE (ID, PERMISSION_CODE, PERMISSION_DESCRIPTION, STATUS, CREATEDBY, CREATEDDATE, MODIFIEDBY, MODIFIEDDATE) VALUES (31,"INV-ORD-VW", "View All Orders", 1, "SYSTEM", '2020-10-11 17:17:17', "SYSTEM", '2020-10-11 17:17:17');
INSERT INTO MODULE (ID, PERMISSION_CODE, PERMISSION_DESCRIPTION, STATUS, CREATEDBY, CREATEDDATE, MODIFIEDBY, MODIFIEDDATE) VALUES (32,"INV-ORD-CR", "Place Order", 1, "SYSTEM", '2020-10-11 17:17:17', "SYSTEM", '2020-10-11 17:17:17');
INSERT INTO MODULE (ID, PERMISSION_CODE, PERMISSION_DESCRIPTION, STATUS, CREATEDBY, CREATEDDATE, MODIFIEDBY, MODIFIEDDATE) VALUES (33,"INV-PO", "Navigate to Purchase Order", 1, "SYSTEM", '2020-10-11 17:17:17', "SYSTEM", '2020-10-11 17:17:17');
INSERT INTO MODULE (ID, PERMISSION_CODE, PERMISSION_DESCRIPTION, STATUS, CREATEDBY, CREATEDDATE, MODIFIEDBY, MODIFIEDDATE) VALUES (34,"INV-PO-VW", "View All Purchase Orders", 1, "SYSTEM", '2020-10-11 17:17:17', "SYSTEM", '2020-10-11 17:17:17');
INSERT INTO MODULE (ID, PERMISSION_CODE, PERMISSION_DESCRIPTION, STATUS, CREATEDBY, CREATEDDATE, MODIFIEDBY, MODIFIEDDATE) VALUES (35,"INV-PO-CR", "Place Purchase Order", 1, "SYSTEM", '2020-10-11 17:17:17', "SYSTEM", '2020-10-11 17:17:17');
INSERT INTO MODULE (ID, PERMISSION_CODE, PERMISSION_DESCRIPTION, STATUS, CREATEDBY, CREATEDDATE, MODIFIEDBY, MODIFIEDDATE) VALUES (36,"INV-GRN", "Navigate to GRN", 1, "SYSTEM", '2020-10-11 17:17:17', "SYSTEM", '2020-10-11 17:17:17');
INSERT INTO MODULE (ID, PERMISSION_CODE, PERMISSION_DESCRIPTION, STATUS, CREATEDBY, CREATEDDATE, MODIFIEDBY, MODIFIEDDATE) VALUES (37,"INV-GRN-VW", "View All GRNs", 1, "SYSTEM", '2020-10-11 17:17:17', "SYSTEM", '2020-10-11 17:17:17');
INSERT INTO MODULE (ID, PERMISSION_CODE, PERMISSION_DESCRIPTION, STATUS, CREATEDBY, CREATEDDATE, MODIFIEDBY, MODIFIEDDATE) VALUES (38,"INV-GRN-CR", "Create GRN", 1, "SYSTEM", '2020-10-11 17:17:17', "SYSTEM", '2020-10-11 17:17:17');
INSERT INTO MODULE (ID, PERMISSION_CODE, PERMISSION_DESCRIPTION, STATUS, CREATEDBY, CREATEDDATE, MODIFIEDBY, MODIFIEDDATE) VALUES (39,"INV-GRN-RET", "Navigate to Supplier Return", 1, "SYSTEM", '2020-10-11 17:17:17', "SYSTEM", '2020-10-11 17:17:17');
INSERT INTO MODULE (ID, PERMISSION_CODE, PERMISSION_DESCRIPTION, STATUS, CREATEDBY, CREATEDDATE, MODIFIEDBY, MODIFIEDDATE) VALUES (40,"INV-GRN-RET-VW", "View All Supplier Returns", 1, "SYSTEM", '2020-10-11 17:17:17', "SYSTEM", '2020-10-11 17:17:17');
INSERT INTO MODULE (ID, PERMISSION_CODE, PERMISSION_DESCRIPTION, STATUS, CREATEDBY, CREATEDDATE, MODIFIEDBY, MODIFIEDDATE) VALUES (41,"INV-GRN-RET-CR", "Create Supplier Returns", 1, "SYSTEM", '2020-10-11 17:17:17', "SYSTEM", '2020-10-11 17:17:17');
INSERT INTO MODULE (ID, PERMISSION_CODE, PERMISSION_DESCRIPTION, STATUS, CREATEDBY, CREATEDDATE, MODIFIEDBY, MODIFIEDDATE) VALUES (42,"INV-GRN-REF", "Navigate to Supplier Refund", 1, "SYSTEM", '2020-10-11 17:17:17', "SYSTEM", '2020-10-11 17:17:17');
INSERT INTO MODULE (ID, PERMISSION_CODE, PERMISSION_DESCRIPTION, STATUS, CREATEDBY, CREATEDDATE, MODIFIEDBY, MODIFIEDDATE) VALUES (43,"INV-GRN-REF-VW", "View All Supplier Refunds", 1, "SYSTEM", '2020-10-11 17:17:17', "SYSTEM", '2020-10-11 17:17:17');
INSERT INTO MODULE (ID, PERMISSION_CODE, PERMISSION_DESCRIPTION, STATUS, CREATEDBY, CREATEDDATE, MODIFIEDBY, MODIFIEDDATE) VALUES (44,"INV-GRN-REF-CR", "Create Supplier Refund", 1, "SYSTEM", '2020-10-11 17:17:17', "SYSTEM", '2020-10-11 17:17:17');
INSERT INTO MODULE (ID, PERMISSION_CODE, PERMISSION_DESCRIPTION, STATUS, CREATEDBY, CREATEDDATE, MODIFIEDBY, MODIFIEDDATE) VALUES (45,"INV-PAY", "Navigate to Payment", 1, "SYSTEM", '2020-10-11 17:17:17', "SYSTEM", '2020-10-11 17:17:17');
INSERT INTO MODULE (ID, PERMISSION_CODE, PERMISSION_DESCRIPTION, STATUS, CREATEDBY, CREATEDDATE, MODIFIEDBY, MODIFIEDDATE) VALUES (46,"INV-PAY-CUS-VW", "View All Customer Pyaments", 1, "SYSTEM", '2020-10-11 17:17:17', "SYSTEM", '2020-10-11 17:17:17');
INSERT INTO MODULE (ID, PERMISSION_CODE, PERMISSION_DESCRIPTION, STATUS, CREATEDBY, CREATEDDATE, MODIFIEDBY, MODIFIEDDATE) VALUES (47,"INV-PAY-SUP-VW", "View All Supplier Pyaments", 1, "SYSTEM", '2020-10-11 17:17:17', "SYSTEM", '2020-10-11 17:17:17');
INSERT INTO MODULE (ID, PERMISSION_CODE, PERMISSION_DESCRIPTION, STATUS, CREATEDBY, CREATEDDATE, MODIFIEDBY, MODIFIEDDATE) VALUES (48,"INV-PAY-CR", "Do Paymnet", 1, "SYSTEM", '2020-10-11 17:17:17', "SYSTEM", '2020-10-11 17:17:17');
INSERT INTO MODULE (ID, PERMISSION_CODE, PERMISSION_DESCRIPTION, STATUS, CREATEDBY, CREATEDDATE, MODIFIEDBY, MODIFIEDDATE) VALUES (49,"INV-TEST", "Navigate to Chemical Test", 1, "SYSTEM", '2020-10-11 17:17:17', "SYSTEM", '2020-10-11 17:17:17');
INSERT INTO MODULE (ID, PERMISSION_CODE, PERMISSION_DESCRIPTION, STATUS, CREATEDBY, CREATEDDATE, MODIFIEDBY, MODIFIEDDATE) VALUES (50,"INV-TEST-VW", "View All Chemical Tets", 1, "SYSTEM", '2020-10-11 17:17:17', "SYSTEM", '2020-10-11 17:17:17');
INSERT INTO MODULE (ID, PERMISSION_CODE, PERMISSION_DESCRIPTION, STATUS, CREATEDBY, CREATEDDATE, MODIFIEDBY, MODIFIEDDATE) VALUES (51,"INV-TEST-CR", "Create Chemical Test", 1, "SYSTEM", '2020-10-11 17:17:17', "SYSTEM", '2020-10-11 17:17:17');
INSERT INTO MODULE (ID, PERMISSION_CODE, PERMISSION_DESCRIPTION, STATUS, CREATEDBY, CREATEDDATE, MODIFIEDBY, MODIFIEDDATE) VALUES (52,"INV-NTFY", "Navigate to Notifications", 1, "SYSTEM", '2020-10-11 17:17:17', "SYSTEM", '2020-10-11 17:17:17');
INSERT INTO MODULE (ID, PERMISSION_CODE, PERMISSION_DESCRIPTION, STATUS, CREATEDBY, CREATEDDATE, MODIFIEDBY, MODIFIEDDATE) VALUES (53,"INV-NTFY-VW", "View All Notifications", 1, "SYSTEM", '2020-10-11 17:17:17', "SYSTEM", '2020-10-11 17:17:17');
INSERT INTO MODULE (ID, PERMISSION_CODE, PERMISSION_DESCRIPTION, STATUS, CREATEDBY, CREATEDDATE, MODIFIEDBY, MODIFIEDDATE) VALUES (54,"INV-COM", "Navigate to Complains", 1, "SYSTEM", '2020-10-11 17:17:17', "SYSTEM", '2020-10-11 17:17:17');
INSERT INTO MODULE (ID, PERMISSION_CODE, PERMISSION_DESCRIPTION, STATUS, CREATEDBY, CREATEDDATE, MODIFIEDBY, MODIFIEDDATE) VALUES (55,"INV-COM-VW", "View All Complains", 1, "SYSTEM", '2020-10-11 17:17:17', "SYSTEM", '2020-10-11 17:17:17');
INSERT INTO MODULE (ID, PERMISSION_CODE, PERMISSION_DESCRIPTION, STATUS, CREATEDBY, CREATEDDATE, MODIFIEDBY, MODIFIEDDATE) VALUES (56,"INV-COM-CR", "Create Complain", 1, "SYSTEM", '2020-10-11 17:17:17', "SYSTEM", '2020-10-11 17:17:17');
INSERT INTO MODULE (ID, PERMISSION_CODE, PERMISSION_DESCRIPTION, STATUS, CREATEDBY, CREATEDDATE, MODIFIEDBY, MODIFIEDDATE) VALUES (57,"INV-RPT", "Navigate to Reports", 1, "SYSTEM", '2020-10-11 17:17:17', "SYSTEM", '2020-10-11 17:17:17');
INSERT INTO MODULE (ID, PERMISSION_CODE, PERMISSION_DESCRIPTION, STATUS, CREATEDBY, CREATEDDATE, MODIFIEDBY, MODIFIEDDATE) VALUES (58,"INV-RPT-SLE", "Sales Report", 1, "SYSTEM", '2020-10-11 17:17:17', "SYSTEM", '2020-10-11 17:17:17');
INSERT INTO MODULE (ID, PERMISSION_CODE, PERMISSION_DESCRIPTION, STATUS, CREATEDBY, CREATEDDATE, MODIFIEDBY, MODIFIEDDATE) VALUES (59,"INV-ORD-ALL", "Navigate to view all/any Orders", 1, "SYSTEM", '2020-10-11 17:17:17', "SYSTEM", '2020-10-11 17:17:17');
INSERT INTO MODULE (ID, PERMISSION_CODE, PERMISSION_DESCRIPTION, STATUS, CREATEDBY, CREATEDDATE, MODIFIEDBY, MODIFIEDDATE) VALUES (60,"INV-DEL", "Navigate to Deliveries", 1, "SYSTEM", '2020-10-11 17:17:17', "SYSTEM", '2020-10-11 17:17:17');
INSERT INTO MODULE (ID, PERMISSION_CODE, PERMISSION_DESCRIPTION, STATUS, CREATEDBY, CREATEDDATE, MODIFIEDBY, MODIFIEDDATE) VALUES (61,"INV-DEL-VW", "View delivery", 1, "SYSTEM", '2020-10-11 17:17:17', "SYSTEM", '2020-10-11 17:17:17');

INSERT INTO ROLE (NAME, STATUS, CREATEDBY, CREATEDDATE, MODIFIEDBY, MODIFIEDDATE) VALUES ("ROLE_ADMIN", 1, "SYSTEM", '2020-10-11 17:17:17', "SYSTEM", '2020-10-11 17:17:17');
INSERT INTO ROLE (NAME, STATUS, CREATEDBY, CREATEDDATE, MODIFIEDBY, MODIFIEDDATE) VALUES ("ROLE_CUSTOMER", 1, "SYSTEM", '2020-10-11 17:17:17', "SYSTEM", '2020-10-11 17:17:17');
INSERT INTO ROLE (NAME, STATUS, CREATEDBY, CREATEDDATE, MODIFIEDBY, MODIFIEDDATE) VALUES ("ROLE_STOCK_MANAGER", 1, "SYSTEM", '2020-10-11 17:17:17', "SYSTEM", '2020-10-11 17:17:17');
INSERT INTO ROLE (NAME, STATUS, CREATEDBY, CREATEDDATE, MODIFIEDBY, MODIFIEDDATE) VALUES ("ROLE_USER_MANAGER", 1, "SYSTEM", '2020-10-11 17:17:17', "SYSTEM", '2020-10-11 17:17:17');

INSERT INTO PRIVILEGE (ROLE_NAME, MODULE_ID, STATUS, CREATEDBY, CREATEDDATE, MODIFIEDBY, MODIFIEDDATE) VALUES ("ROLE_ADMIN",1, 1, "SYSTEM", '2020-10-11 17:17:17', "SYSTEM", '2020-10-11 17:17:17');
INSERT INTO PRIVILEGE (ROLE_NAME, MODULE_ID, STATUS, CREATEDBY, CREATEDDATE, MODIFIEDBY, MODIFIEDDATE) VALUES ("ROLE_ADMIN",2, 1, "SYSTEM", '2020-10-11 17:17:17', "SYSTEM", '2020-10-11 17:17:17');
INSERT INTO PRIVILEGE (ROLE_NAME, MODULE_ID, STATUS, CREATEDBY, CREATEDDATE, MODIFIEDBY, MODIFIEDDATE) VALUES ("ROLE_ADMIN",3, 1, "SYSTEM", '2020-10-11 17:17:17', "SYSTEM", '2020-10-11 17:17:17');
INSERT INTO PRIVILEGE (ROLE_NAME, MODULE_ID, STATUS, CREATEDBY, CREATEDDATE, MODIFIEDBY, MODIFIEDDATE) VALUES ("ROLE_ADMIN",4, 1, "SYSTEM", '2020-10-11 17:17:17', "SYSTEM", '2020-10-11 17:17:17');
INSERT INTO PRIVILEGE (ROLE_NAME, MODULE_ID, STATUS, CREATEDBY, CREATEDDATE, MODIFIEDBY, MODIFIEDDATE) VALUES ("ROLE_ADMIN",5, 1, "SYSTEM", '2020-10-11 17:17:17', "SYSTEM", '2020-10-11 17:17:17');
INSERT INTO PRIVILEGE (ROLE_NAME, MODULE_ID, STATUS, CREATEDBY, CREATEDDATE, MODIFIEDBY, MODIFIEDDATE) VALUES ("ROLE_ADMIN",6, 1, "SYSTEM", '2020-10-11 17:17:17', "SYSTEM", '2020-10-11 17:17:17');
INSERT INTO PRIVILEGE (ROLE_NAME, MODULE_ID, STATUS, CREATEDBY, CREATEDDATE, MODIFIEDBY, MODIFIEDDATE) VALUES ("ROLE_ADMIN",7, 1, "SYSTEM", '2020-10-11 17:17:17', "SYSTEM", '2020-10-11 17:17:17');
INSERT INTO PRIVILEGE (ROLE_NAME, MODULE_ID, STATUS, CREATEDBY, CREATEDDATE, MODIFIEDBY, MODIFIEDDATE) VALUES ("ROLE_ADMIN",8, 1, "SYSTEM", '2020-10-11 17:17:17', "SYSTEM", '2020-10-11 17:17:17');
INSERT INTO PRIVILEGE (ROLE_NAME, MODULE_ID, STATUS, CREATEDBY, CREATEDDATE, MODIFIEDBY, MODIFIEDDATE) VALUES ("ROLE_ADMIN",9, 1, "SYSTEM", '2020-10-11 17:17:17', "SYSTEM", '2020-10-11 17:17:17');
INSERT INTO PRIVILEGE (ROLE_NAME, MODULE_ID, STATUS, CREATEDBY, CREATEDDATE, MODIFIEDBY, MODIFIEDDATE) VALUES ("ROLE_ADMIN",10, 1, "SYSTEM", '2020-10-11 17:17:17', "SYSTEM", '2020-10-11 17:17:17');
INSERT INTO PRIVILEGE (ROLE_NAME, MODULE_ID, STATUS, CREATEDBY, CREATEDDATE, MODIFIEDBY, MODIFIEDDATE) VALUES ("ROLE_ADMIN",11, 1, "SYSTEM", '2020-10-11 17:17:17', "SYSTEM", '2020-10-11 17:17:17');
INSERT INTO PRIVILEGE (ROLE_NAME, MODULE_ID, STATUS, CREATEDBY, CREATEDDATE, MODIFIEDBY, MODIFIEDDATE) VALUES ("ROLE_ADMIN",12, 1, "SYSTEM", '2020-10-11 17:17:17', "SYSTEM", '2020-10-11 17:17:17');
INSERT INTO PRIVILEGE (ROLE_NAME, MODULE_ID, STATUS, CREATEDBY, CREATEDDATE, MODIFIEDBY, MODIFIEDDATE) VALUES ("ROLE_ADMIN",13, 1, "SYSTEM", '2020-10-11 17:17:17', "SYSTEM", '2020-10-11 17:17:17');
INSERT INTO PRIVILEGE (ROLE_NAME, MODULE_ID, STATUS, CREATEDBY, CREATEDDATE, MODIFIEDBY, MODIFIEDDATE) VALUES ("ROLE_ADMIN",14, 1, "SYSTEM", '2020-10-11 17:17:17', "SYSTEM", '2020-10-11 17:17:17');
INSERT INTO PRIVILEGE (ROLE_NAME, MODULE_ID, STATUS, CREATEDBY, CREATEDDATE, MODIFIEDBY, MODIFIEDDATE) VALUES ("ROLE_ADMIN",15, 1, "SYSTEM", '2020-10-11 17:17:17', "SYSTEM", '2020-10-11 17:17:17');
INSERT INTO PRIVILEGE (ROLE_NAME, MODULE_ID, STATUS, CREATEDBY, CREATEDDATE, MODIFIEDBY, MODIFIEDDATE) VALUES ("ROLE_ADMIN",16, 1, "SYSTEM", '2020-10-11 17:17:17', "SYSTEM", '2020-10-11 17:17:17');
INSERT INTO PRIVILEGE (ROLE_NAME, MODULE_ID, STATUS, CREATEDBY, CREATEDDATE, MODIFIEDBY, MODIFIEDDATE) VALUES ("ROLE_ADMIN",17, 1, "SYSTEM", '2020-10-11 17:17:17', "SYSTEM", '2020-10-11 17:17:17');
INSERT INTO PRIVILEGE (ROLE_NAME, MODULE_ID, STATUS, CREATEDBY, CREATEDDATE, MODIFIEDBY, MODIFIEDDATE) VALUES ("ROLE_ADMIN",18, 1, "SYSTEM", '2020-10-11 17:17:17', "SYSTEM", '2020-10-11 17:17:17');
INSERT INTO PRIVILEGE (ROLE_NAME, MODULE_ID, STATUS, CREATEDBY, CREATEDDATE, MODIFIEDBY, MODIFIEDDATE) VALUES ("ROLE_ADMIN",19, 1, "SYSTEM", '2020-10-11 17:17:17', "SYSTEM", '2020-10-11 17:17:17');
INSERT INTO PRIVILEGE (ROLE_NAME, MODULE_ID, STATUS, CREATEDBY, CREATEDDATE, MODIFIEDBY, MODIFIEDDATE) VALUES ("ROLE_ADMIN",20, 1, "SYSTEM", '2020-10-11 17:17:17', "SYSTEM", '2020-10-11 17:17:17');
INSERT INTO PRIVILEGE (ROLE_NAME, MODULE_ID, STATUS, CREATEDBY, CREATEDDATE, MODIFIEDBY, MODIFIEDDATE) VALUES ("ROLE_ADMIN",21, 1, "SYSTEM", '2020-10-11 17:17:17', "SYSTEM", '2020-10-11 17:17:17');
INSERT INTO PRIVILEGE (ROLE_NAME, MODULE_ID, STATUS, CREATEDBY, CREATEDDATE, MODIFIEDBY, MODIFIEDDATE) VALUES ("ROLE_ADMIN",22, 1, "SYSTEM", '2020-10-11 17:17:17', "SYSTEM", '2020-10-11 17:17:17');
INSERT INTO PRIVILEGE (ROLE_NAME, MODULE_ID, STATUS, CREATEDBY, CREATEDDATE, MODIFIEDBY, MODIFIEDDATE) VALUES ("ROLE_ADMIN",23, 1, "SYSTEM", '2020-10-11 17:17:17', "SYSTEM", '2020-10-11 17:17:17');
INSERT INTO PRIVILEGE (ROLE_NAME, MODULE_ID, STATUS, CREATEDBY, CREATEDDATE, MODIFIEDBY, MODIFIEDDATE) VALUES ("ROLE_ADMIN",24, 1, "SYSTEM", '2020-10-11 17:17:17', "SYSTEM", '2020-10-11 17:17:17');
INSERT INTO PRIVILEGE (ROLE_NAME, MODULE_ID, STATUS, CREATEDBY, CREATEDDATE, MODIFIEDBY, MODIFIEDDATE) VALUES ("ROLE_ADMIN",25, 1, "SYSTEM", '2020-10-11 17:17:17', "SYSTEM", '2020-10-11 17:17:17');
INSERT INTO PRIVILEGE (ROLE_NAME, MODULE_ID, STATUS, CREATEDBY, CREATEDDATE, MODIFIEDBY, MODIFIEDDATE) VALUES ("ROLE_ADMIN",26, 1, "SYSTEM", '2020-10-11 17:17:17', "SYSTEM", '2020-10-11 17:17:17');
INSERT INTO PRIVILEGE (ROLE_NAME, MODULE_ID, STATUS, CREATEDBY, CREATEDDATE, MODIFIEDBY, MODIFIEDDATE) VALUES ("ROLE_ADMIN",27, 1, "SYSTEM", '2020-10-11 17:17:17', "SYSTEM", '2020-10-11 17:17:17');
INSERT INTO PRIVILEGE (ROLE_NAME, MODULE_ID, STATUS, CREATEDBY, CREATEDDATE, MODIFIEDBY, MODIFIEDDATE) VALUES ("ROLE_ADMIN",28, 1, "SYSTEM", '2020-10-11 17:17:17', "SYSTEM", '2020-10-11 17:17:17');
INSERT INTO PRIVILEGE (ROLE_NAME, MODULE_ID, STATUS, CREATEDBY, CREATEDDATE, MODIFIEDBY, MODIFIEDDATE) VALUES ("ROLE_ADMIN",29, 1, "SYSTEM", '2020-10-11 17:17:17', "SYSTEM", '2020-10-11 17:17:17');
INSERT INTO PRIVILEGE (ROLE_NAME, MODULE_ID, STATUS, CREATEDBY, CREATEDDATE, MODIFIEDBY, MODIFIEDDATE) VALUES ("ROLE_ADMIN",30, 1, "SYSTEM", '2020-10-11 17:17:17', "SYSTEM", '2020-10-11 17:17:17');
INSERT INTO PRIVILEGE (ROLE_NAME, MODULE_ID, STATUS, CREATEDBY, CREATEDDATE, MODIFIEDBY, MODIFIEDDATE) VALUES ("ROLE_ADMIN",31, 1, "SYSTEM", '2020-10-11 17:17:17', "SYSTEM", '2020-10-11 17:17:17');
INSERT INTO PRIVILEGE (ROLE_NAME, MODULE_ID, STATUS, CREATEDBY, CREATEDDATE, MODIFIEDBY, MODIFIEDDATE) VALUES ("ROLE_ADMIN",32, 1, "SYSTEM", '2020-10-11 17:17:17', "SYSTEM", '2020-10-11 17:17:17');
INSERT INTO PRIVILEGE (ROLE_NAME, MODULE_ID, STATUS, CREATEDBY, CREATEDDATE, MODIFIEDBY, MODIFIEDDATE) VALUES ("ROLE_ADMIN",33, 1, "SYSTEM", '2020-10-11 17:17:17', "SYSTEM", '2020-10-11 17:17:17');
INSERT INTO PRIVILEGE (ROLE_NAME, MODULE_ID, STATUS, CREATEDBY, CREATEDDATE, MODIFIEDBY, MODIFIEDDATE) VALUES ("ROLE_ADMIN",34, 1, "SYSTEM", '2020-10-11 17:17:17', "SYSTEM", '2020-10-11 17:17:17');
INSERT INTO PRIVILEGE (ROLE_NAME, MODULE_ID, STATUS, CREATEDBY, CREATEDDATE, MODIFIEDBY, MODIFIEDDATE) VALUES ("ROLE_ADMIN",35, 1, "SYSTEM", '2020-10-11 17:17:17', "SYSTEM", '2020-10-11 17:17:17');
INSERT INTO PRIVILEGE (ROLE_NAME, MODULE_ID, STATUS, CREATEDBY, CREATEDDATE, MODIFIEDBY, MODIFIEDDATE) VALUES ("ROLE_ADMIN",36, 1, "SYSTEM", '2020-10-11 17:17:17', "SYSTEM", '2020-10-11 17:17:17');
INSERT INTO PRIVILEGE (ROLE_NAME, MODULE_ID, STATUS, CREATEDBY, CREATEDDATE, MODIFIEDBY, MODIFIEDDATE) VALUES ("ROLE_ADMIN",37, 1, "SYSTEM", '2020-10-11 17:17:17', "SYSTEM", '2020-10-11 17:17:17');
INSERT INTO PRIVILEGE (ROLE_NAME, MODULE_ID, STATUS, CREATEDBY, CREATEDDATE, MODIFIEDBY, MODIFIEDDATE) VALUES ("ROLE_ADMIN",38, 1, "SYSTEM", '2020-10-11 17:17:17', "SYSTEM", '2020-10-11 17:17:17');
INSERT INTO PRIVILEGE (ROLE_NAME, MODULE_ID, STATUS, CREATEDBY, CREATEDDATE, MODIFIEDBY, MODIFIEDDATE) VALUES ("ROLE_ADMIN",39, 1, "SYSTEM", '2020-10-11 17:17:17', "SYSTEM", '2020-10-11 17:17:17');
INSERT INTO PRIVILEGE (ROLE_NAME, MODULE_ID, STATUS, CREATEDBY, CREATEDDATE, MODIFIEDBY, MODIFIEDDATE) VALUES ("ROLE_ADMIN",40, 1, "SYSTEM", '2020-10-11 17:17:17', "SYSTEM", '2020-10-11 17:17:17');
INSERT INTO PRIVILEGE (ROLE_NAME, MODULE_ID, STATUS, CREATEDBY, CREATEDDATE, MODIFIEDBY, MODIFIEDDATE) VALUES ("ROLE_ADMIN",41, 1, "SYSTEM", '2020-10-11 17:17:17', "SYSTEM", '2020-10-11 17:17:17');
INSERT INTO PRIVILEGE (ROLE_NAME, MODULE_ID, STATUS, CREATEDBY, CREATEDDATE, MODIFIEDBY, MODIFIEDDATE) VALUES ("ROLE_ADMIN",42, 1, "SYSTEM", '2020-10-11 17:17:17', "SYSTEM", '2020-10-11 17:17:17');
INSERT INTO PRIVILEGE (ROLE_NAME, MODULE_ID, STATUS, CREATEDBY, CREATEDDATE, MODIFIEDBY, MODIFIEDDATE) VALUES ("ROLE_ADMIN",43, 1, "SYSTEM", '2020-10-11 17:17:17', "SYSTEM", '2020-10-11 17:17:17');
INSERT INTO PRIVILEGE (ROLE_NAME, MODULE_ID, STATUS, CREATEDBY, CREATEDDATE, MODIFIEDBY, MODIFIEDDATE) VALUES ("ROLE_ADMIN",44, 1, "SYSTEM", '2020-10-11 17:17:17', "SYSTEM", '2020-10-11 17:17:17');
INSERT INTO PRIVILEGE (ROLE_NAME, MODULE_ID, STATUS, CREATEDBY, CREATEDDATE, MODIFIEDBY, MODIFIEDDATE) VALUES ("ROLE_ADMIN",45, 1, "SYSTEM", '2020-10-11 17:17:17', "SYSTEM", '2020-10-11 17:17:17');
INSERT INTO PRIVILEGE (ROLE_NAME, MODULE_ID, STATUS, CREATEDBY, CREATEDDATE, MODIFIEDBY, MODIFIEDDATE) VALUES ("ROLE_ADMIN",46, 1, "SYSTEM", '2020-10-11 17:17:17', "SYSTEM", '2020-10-11 17:17:17');
INSERT INTO PRIVILEGE (ROLE_NAME, MODULE_ID, STATUS, CREATEDBY, CREATEDDATE, MODIFIEDBY, MODIFIEDDATE) VALUES ("ROLE_ADMIN",47, 1, "SYSTEM", '2020-10-11 17:17:17', "SYSTEM", '2020-10-11 17:17:17');
INSERT INTO PRIVILEGE (ROLE_NAME, MODULE_ID, STATUS, CREATEDBY, CREATEDDATE, MODIFIEDBY, MODIFIEDDATE) VALUES ("ROLE_ADMIN",48, 1, "SYSTEM", '2020-10-11 17:17:17', "SYSTEM", '2020-10-11 17:17:17');
INSERT INTO PRIVILEGE (ROLE_NAME, MODULE_ID, STATUS, CREATEDBY, CREATEDDATE, MODIFIEDBY, MODIFIEDDATE) VALUES ("ROLE_ADMIN",49, 1, "SYSTEM", '2020-10-11 17:17:17', "SYSTEM", '2020-10-11 17:17:17');
INSERT INTO PRIVILEGE (ROLE_NAME, MODULE_ID, STATUS, CREATEDBY, CREATEDDATE, MODIFIEDBY, MODIFIEDDATE) VALUES ("ROLE_ADMIN",50, 1, "SYSTEM", '2020-10-11 17:17:17', "SYSTEM", '2020-10-11 17:17:17');
INSERT INTO PRIVILEGE (ROLE_NAME, MODULE_ID, STATUS, CREATEDBY, CREATEDDATE, MODIFIEDBY, MODIFIEDDATE) VALUES ("ROLE_ADMIN",51, 1, "SYSTEM", '2020-10-11 17:17:17', "SYSTEM", '2020-10-11 17:17:17');
INSERT INTO PRIVILEGE (ROLE_NAME, MODULE_ID, STATUS, CREATEDBY, CREATEDDATE, MODIFIEDBY, MODIFIEDDATE) VALUES ("ROLE_ADMIN",52, 1, "SYSTEM", '2020-10-11 17:17:17', "SYSTEM", '2020-10-11 17:17:17');
INSERT INTO PRIVILEGE (ROLE_NAME, MODULE_ID, STATUS, CREATEDBY, CREATEDDATE, MODIFIEDBY, MODIFIEDDATE) VALUES ("ROLE_ADMIN",53, 1, "SYSTEM", '2020-10-11 17:17:17', "SYSTEM", '2020-10-11 17:17:17');
INSERT INTO PRIVILEGE (ROLE_NAME, MODULE_ID, STATUS, CREATEDBY, CREATEDDATE, MODIFIEDBY, MODIFIEDDATE) VALUES ("ROLE_ADMIN",54, 1, "SYSTEM", '2020-10-11 17:17:17', "SYSTEM", '2020-10-11 17:17:17');
INSERT INTO PRIVILEGE (ROLE_NAME, MODULE_ID, STATUS, CREATEDBY, CREATEDDATE, MODIFIEDBY, MODIFIEDDATE) VALUES ("ROLE_ADMIN",55, 1, "SYSTEM", '2020-10-11 17:17:17', "SYSTEM", '2020-10-11 17:17:17');
INSERT INTO PRIVILEGE (ROLE_NAME, MODULE_ID, STATUS, CREATEDBY, CREATEDDATE, MODIFIEDBY, MODIFIEDDATE) VALUES ("ROLE_ADMIN",56, 1, "SYSTEM", '2020-10-11 17:17:17', "SYSTEM", '2020-10-11 17:17:17');
INSERT INTO PRIVILEGE (ROLE_NAME, MODULE_ID, STATUS, CREATEDBY, CREATEDDATE, MODIFIEDBY, MODIFIEDDATE) VALUES ("ROLE_ADMIN",57, 1, "SYSTEM", '2020-10-11 17:17:17', "SYSTEM", '2020-10-11 17:17:17');
INSERT INTO PRIVILEGE (ROLE_NAME, MODULE_ID, STATUS, CREATEDBY, CREATEDDATE, MODIFIEDBY, MODIFIEDDATE) VALUES ("ROLE_ADMIN",58, 1, "SYSTEM", '2020-10-11 17:17:17', "SYSTEM", '2020-10-11 17:17:17');
INSERT INTO PRIVILEGE (ROLE_NAME, MODULE_ID, STATUS, CREATEDBY, CREATEDDATE, MODIFIEDBY, MODIFIEDDATE) VALUES ("ROLE_ADMIN",59, 1, "SYSTEM", '2020-10-11 17:17:17', "SYSTEM", '2020-10-11 17:17:17');
INSERT INTO PRIVILEGE (ROLE_NAME, MODULE_ID, STATUS, CREATEDBY, CREATEDDATE, MODIFIEDBY, MODIFIEDDATE) VALUES ("ROLE_ADMIN",60, 1, "SYSTEM", '2020-10-11 17:17:17', "SYSTEM", '2020-10-11 17:17:17');
INSERT INTO PRIVILEGE (ROLE_NAME, MODULE_ID, STATUS, CREATEDBY, CREATEDDATE, MODIFIEDBY, MODIFIEDDATE) VALUES ("ROLE_ADMIN",61, 1, "SYSTEM", '2020-10-11 17:17:17', "SYSTEM", '2020-10-11 17:17:17');

INSERT INTO PRIVILEGE (ROLE_NAME, MODULE_ID, STATUS, CREATEDBY, CREATEDDATE, MODIFIEDBY, MODIFIEDDATE) VALUES ("ROLE_CUSTOMER",1, 1, "SYSTEM", '2020-10-11 17:17:17', "SYSTEM", '2020-10-11 17:17:17');
INSERT INTO PRIVILEGE (ROLE_NAME, MODULE_ID, STATUS, CREATEDBY, CREATEDDATE, MODIFIEDBY, MODIFIEDDATE) VALUES ("ROLE_CUSTOMER",30, 1, "SYSTEM", '2020-10-11 17:17:17', "SYSTEM", '2020-10-11 17:17:17');
INSERT INTO PRIVILEGE (ROLE_NAME, MODULE_ID, STATUS, CREATEDBY, CREATEDDATE, MODIFIEDBY, MODIFIEDDATE) VALUES ("ROLE_CUSTOMER",31, 1, "SYSTEM", '2020-10-11 17:17:17', "SYSTEM", '2020-10-11 17:17:17');

INSERT INTO PRIVILEGE (ROLE_NAME, MODULE_ID, STATUS, CREATEDBY, CREATEDDATE, MODIFIEDBY, MODIFIEDDATE) VALUES ("ROLE_STOCK_MANAGER",1, 1, "SYSTEM", '2020-10-11 17:17:17', "SYSTEM", '2020-10-11 17:17:17');
INSERT INTO PRIVILEGE (ROLE_NAME, MODULE_ID, STATUS, CREATEDBY, CREATEDDATE, MODIFIEDBY, MODIFIEDDATE) VALUES ("ROLE_STOCK_MANAGER",33, 1, "SYSTEM", '2020-10-11 17:17:17', "SYSTEM", '2020-10-11 17:17:17');
INSERT INTO PRIVILEGE (ROLE_NAME, MODULE_ID, STATUS, CREATEDBY, CREATEDDATE, MODIFIEDBY, MODIFIEDDATE) VALUES ("ROLE_STOCK_MANAGER",34, 1, "SYSTEM", '2020-10-11 17:17:17', "SYSTEM", '2020-10-11 17:17:17');
INSERT INTO PRIVILEGE (ROLE_NAME, MODULE_ID, STATUS, CREATEDBY, CREATEDDATE, MODIFIEDBY, MODIFIEDDATE) VALUES ("ROLE_STOCK_MANAGER",35, 1, "SYSTEM", '2020-10-11 17:17:17', "SYSTEM", '2020-10-11 17:17:17');
INSERT INTO PRIVILEGE (ROLE_NAME, MODULE_ID, STATUS, CREATEDBY, CREATEDDATE, MODIFIEDBY, MODIFIEDDATE) VALUES ("ROLE_STOCK_MANAGER",36, 1, "SYSTEM", '2020-10-11 17:17:17', "SYSTEM", '2020-10-11 17:17:17');
INSERT INTO PRIVILEGE (ROLE_NAME, MODULE_ID, STATUS, CREATEDBY, CREATEDDATE, MODIFIEDBY, MODIFIEDDATE) VALUES ("ROLE_STOCK_MANAGER",37, 1, "SYSTEM", '2020-10-11 17:17:17', "SYSTEM", '2020-10-11 17:17:17');
INSERT INTO PRIVILEGE (ROLE_NAME, MODULE_ID, STATUS, CREATEDBY, CREATEDDATE, MODIFIEDBY, MODIFIEDDATE) VALUES ("ROLE_STOCK_MANAGER",38, 1, "SYSTEM", '2020-10-11 17:17:17', "SYSTEM", '2020-10-11 17:17:17');
INSERT INTO PRIVILEGE (ROLE_NAME, MODULE_ID, STATUS, CREATEDBY, CREATEDDATE, MODIFIEDBY, MODIFIEDDATE) VALUES ("ROLE_STOCK_MANAGER",39, 1, "SYSTEM", '2020-10-11 17:17:17', "SYSTEM", '2020-10-11 17:17:17');
INSERT INTO PRIVILEGE (ROLE_NAME, MODULE_ID, STATUS, CREATEDBY, CREATEDDATE, MODIFIEDBY, MODIFIEDDATE) VALUES ("ROLE_STOCK_MANAGER",40, 1, "SYSTEM", '2020-10-11 17:17:17', "SYSTEM", '2020-10-11 17:17:17');
INSERT INTO PRIVILEGE (ROLE_NAME, MODULE_ID, STATUS, CREATEDBY, CREATEDDATE, MODIFIEDBY, MODIFIEDDATE) VALUES ("ROLE_STOCK_MANAGER",41, 1, "SYSTEM", '2020-10-11 17:17:17', "SYSTEM", '2020-10-11 17:17:17');
INSERT INTO PRIVILEGE (ROLE_NAME, MODULE_ID, STATUS, CREATEDBY, CREATEDDATE, MODIFIEDBY, MODIFIEDDATE) VALUES ("ROLE_STOCK_MANAGER",42, 1, "SYSTEM", '2020-10-11 17:17:17', "SYSTEM", '2020-10-11 17:17:17');
INSERT INTO PRIVILEGE (ROLE_NAME, MODULE_ID, STATUS, CREATEDBY, CREATEDDATE, MODIFIEDBY, MODIFIEDDATE) VALUES ("ROLE_STOCK_MANAGER",43, 1, "SYSTEM", '2020-10-11 17:17:17', "SYSTEM", '2020-10-11 17:17:17');
INSERT INTO PRIVILEGE (ROLE_NAME, MODULE_ID, STATUS, CREATEDBY, CREATEDDATE, MODIFIEDBY, MODIFIEDDATE) VALUES ("ROLE_STOCK_MANAGER",44, 1, "SYSTEM", '2020-10-11 17:17:17', "SYSTEM", '2020-10-11 17:17:17');

INSERT INTO PRIVILEGE (ROLE_NAME, MODULE_ID, STATUS, CREATEDBY, CREATEDDATE, MODIFIEDBY, MODIFIEDDATE) VALUES ("ROLE_USER_MANAGER",1, 1, "SYSTEM", '2020-10-11 17:17:17', "SYSTEM", '2020-10-11 17:17:17');
INSERT INTO PRIVILEGE (ROLE_NAME, MODULE_ID, STATUS, CREATEDBY, CREATEDDATE, MODIFIEDBY, MODIFIEDDATE) VALUES ("ROLE_USER_MANAGER",2, 1, "SYSTEM", '2020-10-11 17:17:17', "SYSTEM", '2020-10-11 17:17:17');
INSERT INTO PRIVILEGE (ROLE_NAME, MODULE_ID, STATUS, CREATEDBY, CREATEDDATE, MODIFIEDBY, MODIFIEDDATE) VALUES ("ROLE_USER_MANAGER",3, 1, "SYSTEM", '2020-10-11 17:17:17', "SYSTEM", '2020-10-11 17:17:17');
INSERT INTO PRIVILEGE (ROLE_NAME, MODULE_ID, STATUS, CREATEDBY, CREATEDDATE, MODIFIEDBY, MODIFIEDDATE) VALUES ("ROLE_USER_MANAGER",4, 1, "SYSTEM", '2020-10-11 17:17:17', "SYSTEM", '2020-10-11 17:17:17');
INSERT INTO PRIVILEGE (ROLE_NAME, MODULE_ID, STATUS, CREATEDBY, CREATEDDATE, MODIFIEDBY, MODIFIEDDATE) VALUES ("ROLE_USER_MANAGER",5, 1, "SYSTEM", '2020-10-11 17:17:17', "SYSTEM", '2020-10-11 17:17:17');
INSERT INTO PRIVILEGE (ROLE_NAME, MODULE_ID, STATUS, CREATEDBY, CREATEDDATE, MODIFIEDBY, MODIFIEDDATE) VALUES ("ROLE_USER_MANAGER",6, 1, "SYSTEM", '2020-10-11 17:17:17', "SYSTEM", '2020-10-11 17:17:17');
INSERT INTO PRIVILEGE (ROLE_NAME, MODULE_ID, STATUS, CREATEDBY, CREATEDDATE, MODIFIEDBY, MODIFIEDDATE) VALUES ("ROLE_USER_MANAGER",7, 1, "SYSTEM", '2020-10-11 17:17:17', "SYSTEM", '2020-10-11 17:17:17');
INSERT INTO PRIVILEGE (ROLE_NAME, MODULE_ID, STATUS, CREATEDBY, CREATEDDATE, MODIFIEDBY, MODIFIEDDATE) VALUES ("ROLE_USER_MANAGER",8, 1, "SYSTEM", '2020-10-11 17:17:17', "SYSTEM", '2020-10-11 17:17:17');
INSERT INTO PRIVILEGE (ROLE_NAME, MODULE_ID, STATUS, CREATEDBY, CREATEDDATE, MODIFIEDBY, MODIFIEDDATE) VALUES ("ROLE_USER_MANAGER",9, 1, "SYSTEM", '2020-10-11 17:17:17', "SYSTEM", '2020-10-11 17:17:17');
INSERT INTO PRIVILEGE (ROLE_NAME, MODULE_ID, STATUS, CREATEDBY, CREATEDDATE, MODIFIEDBY, MODIFIEDDATE) VALUES ("ROLE_USER_MANAGER",10, 1, "SYSTEM", '2020-10-11 17:17:17', "SYSTEM", '2020-10-11 17:17:17');

-- Password is : PassworD1.
INSERT INTO USER (USERNAME, PASSWORD, STATUS, FAILEDATTEMPTS, CREATEDBY, CREATEDDATE, MODIFIEDBY, MODIFIEDDATE) VALUES ("admin@wsolution.com", "$2a$10$hAc6wTcSiPKQzY/gHwwnout7ujUIF4lb6edzCqm4VjsDxPRUKtvv2", 1, 0, "SYSTEM", '2020-10-11 17:17:17', "SYSTEM", '2020-10-11 17:17:17');

INSERT INTO USERROLE (USER_USERNAME, ROLE_NAME, STATUS, CREATEDBY, CREATEDDATE, MODIFIEDBY, MODIFIEDDATE) VALUES ("admin@wsolution.com", "ROLE_ADMIN", 1, "SYSTEM", '2020-10-11 17:17:17', "SYSTEM", '2020-10-11 17:17:17');

INSERT INTO CUSTOMER (ID, ADDRESS, CONTACT1, DESCRIPTION, EMAIL, NAME, TYPE, STATUS, CREATEDBY, CREATEDDATE, MODIFIEDBY, MODIFIEDDATE) VALUES (1, "Head office", "0112400400", "System generated customer", "admin@wsolution.com", "Admin", "Regular", 1, "SYSTEM", '2020-10-11 17:17:17', "SYSTEM", '2020-10-11 17:17:17');

-- Other Data
-- Discounts
INSERT INTO DISCOUNT (ID, CATEGORY, DISCOUNT, TYPE, STATUS, CREATEDBY, CREATEDDATE, MODIFIEDBY, MODIFIEDDATE) VALUES (1, "CUSTOMER", 0.05, "EXTERNAL", 1, "SYSTEM", '2020-10-11 17:17:17', "SYSTEM", '2020-10-11 17:17:17');
INSERT INTO DISCOUNT (ID, CATEGORY, DISCOUNT, TYPE, STATUS, CREATEDBY, CREATEDDATE, MODIFIEDBY, MODIFIEDDATE) VALUES (2, "CUSTOMER", 0.1, "REGULAR", 1, "SYSTEM", '2020-10-11 17:17:17', "SYSTEM", '2020-10-11 17:17:17');

-- Vehicle Types
INSERT INTO VEHICLETYPE (ID, NAME, STATUS, CREATEDBY, CREATEDDATE, MODIFIEDBY, MODIFIEDDATE) VALUES (1, "BICYCLE", 1, "SYSTEM", '2020-10-11 17:17:17', "SYSTEM", '2020-10-11 17:17:17');
INSERT INTO VEHICLETYPE (ID, NAME, STATUS, CREATEDBY, CREATEDDATE, MODIFIEDBY, MODIFIEDDATE) VALUES (2, "CAR", 1, "SYSTEM", '2020-10-11 17:17:17', "SYSTEM", '2020-10-11 17:17:17');
INSERT INTO VEHICLETYPE (ID, NAME, STATUS, CREATEDBY, CREATEDDATE, MODIFIEDBY, MODIFIEDDATE) VALUES (3, "VAN", 1, "SYSTEM", '2020-10-11 17:17:17', "SYSTEM", '2020-10-11 17:17:17');
INSERT INTO VEHICLETYPE (ID, NAME, STATUS, CREATEDBY, CREATEDDATE, MODIFIEDBY, MODIFIEDDATE) VALUES (4, "BUS", 1, "SYSTEM", '2020-10-11 17:17:17', "SYSTEM", '2020-10-11 17:17:17');
